id,dataset,split,width,height,regions,readable
sroie/train/X00016469612,sroie,train,463,1013,44,True
sroie/train/X00016469619,sroie,train,439,1004,48,True
sroie/train/X00016469620,sroie,train,459,949,54,True
sroie/train/X00016469622,sroie,train,461,933,60,True
sroie/train/X00016469623,sroie,train,463,1026,61,True
sroie/train/X00016469669,sroie,train,463,605,35,True
sroie/train/X00016469672,sroie,validation,457,1170,93,True
sroie/train/X00016469676,sroie,train,463,797,28,True
sroie/train/X51005200938,sroie,train,992,1403,76,True
sroie/train/X51005230617,sroie,train,604,1716,43,True
sroie/train/X51005255805,sroie,train,873,1656,51,True
sroie/train/X51005268200,sroie,validation,752,2214,58,True
sroie/train/X51005268262,sroie,train,747,1412,47,True
sroie/train/X51005268400,sroie,train,807,1390,60,True
sroie/train/X51005268472,sroie,train,780,2044,119,True
sroie/train/X51005301661,sroie,train,818,1924,82,True
sroie/train/X51005301667,sroie,train,835,2333,76,True
sroie/train/X51005306399,sroie,validation,447,915,46,True
sroie/train/X51005337872,sroie,train,623,1255,59,True
sroie/train/X51005361883,sroie,train,993,2481,68,True
sroie/train/X51005361895,sroie,train,953,1629,41,True
sroie/train/X51005361897,sroie,train,2481,3508,62,True
sroie/train/X51005361898,sroie,train,2481,3508,66,True
sroie/train/X51005361900,sroie,validation,2481,3508,71,True
sroie/train/X51005361907,sroie,train,1654,2339,94,True
sroie/train/X51005361946,sroie,train,1654,2339,48,True
sroie/train/X51005361950,sroie,train,949,1349,28,True
sroie/train/X51005365179,sroie,validation,748,1338,53,True
sroie/train/X51005433492,sroie,train,1080,1527,39,True
sroie/train/X51005433494,sroie,train,1080,1527,39,True
sroie/train/X51005433514,sroie,validation,1080,1527,39,True
sroie/train/X51005433522,sroie,validation,1080,1527,39,True
sroie/train/X51005433533,sroie,train,1080,1527,107,True
sroie/train/X51005433538,sroie,train,1080,1519,39,True
sroie/train/X51005433541,sroie,train,1080,1527,39,True
sroie/train/X51005433552,sroie,train,1080,1527,48,True
sroie/train/X51005433553,sroie,train,1080,1527,69,True
sroie/train/X51005441398,sroie,train,591,1711,53,True
sroie/train/X51005441401,sroie,train,619,1131,44,True
sroie/train/X51005441402,sroie,train,619,1203,41,True
sroie/train/X51005441407,sroie,validation,627,1235,53,True
sroie/train/X51005441408,sroie,validation,627,1535,43,True
sroie/train/X51005442327,sroie,train,1080,1527,43,True
sroie/train/X51005442333,sroie,train,1080,1528,43,True
sroie/train/X51005442338,sroie,train,1080,1527,63,True
sroie/train/X51005442341,sroie,train,1080,1527,18,True
sroie/train/X51005442344,sroie,train,1080,1527,71,True
sroie/train/X51005442346,sroie,train,1080,1527,59,True
sroie/train/X51005442361,sroie,train,1080,1528,66,True
sroie/train/X51005442376,sroie,train,1080,1528,39,True
sroie/train/X51005442378,sroie,train,1080,1528,34,True
sroie/train/X51005442379,sroie,train,1080,1528,39,True
sroie/train/X51005442383,sroie,train,1080,1528,55,True
sroie/train/X51005442384,sroie,validation,1080,1528,39,True
sroie/train/X51005442386,sroie,train,1080,1528,39,True
sroie/train/X51005442392,sroie,validation,1080,1527,35,True
sroie/train/X51005442394,sroie,train,1080,1527,39,True
sroie/train/X51005442397,sroie,train,1080,1527,28,True
sroie/train/X51005444033,sroie,train,789,1772,52,True
sroie/train/X51005444037,sroie,validation,792,2748,66,True
sroie/train/X51005444045,sroie,validation,753,1305,26,True
sroie/train/X51005447832,sroie,validation,664,1664,48,True
sroie/train/X51005447833,sroie,train,668,1598,46,True
sroie/train/X51005447839,sroie,train,936,1766,53,True
sroie/train/X51005447840,sroie,train,932,2160,63,True
sroie/train/X51005447848,sroie,validation,932,1987,75,True
sroie/train/X51005447850,sroie,train,932,1771,43,True
sroie/train/X51005447852,sroie,validation,888,1571,26,True
sroie/train/X51005447853,sroie,train,888,1718,30,True
sroie/train/X51005447860,sroie,train,928,2130,44,True
sroie/train/X51005447861,sroie,train,932,2683,57,True
sroie/train/X51005453801,sroie,train,583,1303,45,True
sroie/train/X51005453802,sroie,train,615,931,48,True
sroie/train/X51005453804,sroie,validation,619,875,43,True
sroie/train/X51005568827,sroie,validation,944,2439,52,True
sroie/train/X51005568829,sroie,validation,936,1841,83,True
sroie/train/X51005568880,sroie,train,932,2220,67,True
sroie/train/X51005568884,sroie,train,936,1676,35,True
sroie/train/X51005568891,sroie,train,884,2249,82,True
sroie/train/X51005568898,sroie,train,936,2785,74,True
sroie/train/X51005568899,sroie,train,932,1644,34,True
sroie/train/X51005568900,sroie,train,936,1681,36,True
sroie/train/X51005568911,sroie,train,932,2067,60,True
sroie/train/X51005568913,sroie,validation,932,2168,38,True
sroie/train/X51005568914,sroie,train,932,2246,40,True
sroie/train/X51005577192,sroie,train,710,2020,53,True
sroie/train/X51005587254,sroie,validation,963,2260,53,True
sroie/train/X51005587267,sroie,validation,853,2537,87,True
sroie/train/X51005605284,sroie,validation,793,1373,62,True
sroie/train/X51005605285,sroie,train,697,1481,40,True
sroie/train/X51005605286,sroie,train,741,1509,39,True
sroie/train/X51005605333,sroie,train,681,1737,45,True
sroie/train/X51005605334,sroie,train,761,1713,42,True
sroie/train/X51005605335,sroie,train,741,1733,46,True
sroie/train/X51005663272,sroie,train,704,1883,61,True
sroie/train/X51005663273,sroie,train,814,1477,58,True
sroie/train/X51005663276,sroie,train,937,1449,58,True
sroie/train/X51005663277,sroie,train,937,1450,57,True
sroie/train/X51005663278,sroie,train,804,2157,44,True
sroie/train/X51005663279,sroie,train,943,1871,58,True
sroie/train/X51005663280,sroie,train,782,2213,58,True
sroie/train/X51005663293,sroie,train,713,2066,61,True
sroie/train/X51005663297,sroie,train,937,3556,153,True
sroie/train/X51005663298,sroie,train,934,2732,67,True
sroie/train/X51005663301,sroie,train,933,1697,42,True
sroie/train/X51005663311,sroie,train,936,1698,42,True
sroie/train/X51005663317,sroie,train,935,1695,42,True
sroie/train/X51005663324,sroie,train,934,2789,117,True
sroie/train/X51005675095,sroie,train,741,1220,38,True
sroie/train/X51005676536,sroie,train,933,2079,70,True
sroie/train/X51005676538,sroie,train,932,2172,76,True
sroie/train/X51005676539,sroie,train,933,1861,58,True
sroie/train/X51005676540,sroie,validation,940,2077,70,True
sroie/train/X51005676541,sroie,train,932,2169,76,True
sroie/train/X51005676543,sroie,train,935,1970,64,True
sroie/train/X51005676544,sroie,train,935,1861,58,True
sroie/train/X51005676545,sroie,train,934,1860,58,True
sroie/train/X51005676546,sroie,train,935,1864,58,True
sroie/train/X51005676547,sroie,train,932,1864,58,True
sroie/train/X51005676549,sroie,train,932,1973,66,True
sroie/train/X51005677328,sroie,train,935,1865,58,True
sroie/train/X51005677329,sroie,train,938,1864,58,True
sroie/train/X51005677331,sroie,validation,934,2081,70,True
sroie/train/X51005677332,sroie,train,935,1859,50,True
sroie/train/X51005677334,sroie,train,932,1975,64,True
sroie/train/X51005677335,sroie,train,938,1972,64,True
sroie/train/X51005677339,sroie,validation,934,1927,64,True
sroie/train/X51005685355,sroie,train,615,1403,60,True
sroie/train/X51005685357,sroie,train,623,1535,46,True
sroie/train/X51005705722,sroie,train,958,1816,60,True
sroie/train/X51005705760,sroie,validation,892,2897,103,True
sroie/train/X51005705804,sroie,train,1263,2143,66,True
sroie/train/X51005711401,sroie,train,932,1907,43,True
sroie/train/X51005711403,sroie,train,932,1865,53,True
sroie/train/X51005711404,sroie,train,932,1780,49,True
sroie/train/X51005711441,sroie,train,932,1784,49,True
sroie/train/X51005711442,sroie,validation,932,1869,54,True
sroie/train/X51005711445,sroie,train,932,1783,49,True
sroie/train/X51005711447,sroie,train,932,1692,44,True
sroie/train/X51005711451,sroie,train,932,1695,44,True
sroie/train/X51005711452,sroie,train,920,1929,39,True
sroie/train/X51005711453,sroie,train,920,1757,34,True
sroie/train/X51005711454,sroie,train,936,2283,54,True
sroie/train/X51005711456,sroie,train,936,2779,78,True
sroie/train/X51005712017,sroie,validation,608,1214,34,True
sroie/train/X51005712021,sroie,train,584,1072,58,True
sroie/train/X51005712038,sroie,train,616,1192,59,True
sroie/train/X51005712039,sroie,train,616,1182,49,True
sroie/train/X51005715010,sroie,validation,615,1727,56,True
sroie/train/X51005715451,sroie,train,615,1491,46,True
sroie/train/X51005715456,sroie,validation,607,1295,67,True
sroie/train/X51005717526,sroie,train,600,1312,38,True
sroie/train/X51005719814,sroie,validation,936,1617,51,True
sroie/train/X51005719856,sroie,train,932,2222,50,True
sroie/train/X51005719862,sroie,train,884,1424,31,True
sroie/train/X51005719864,sroie,validation,884,1741,43,True
sroie/train/X51005719873,sroie,train,932,2852,56,True
sroie/train/X51005719874,sroie,train,932,1368,26,True
sroie/train/X51005719882,sroie,train,884,1610,33,True
sroie/train/X51005719883,sroie,train,884,1597,30,True
sroie/train/X51005719886,sroie,train,932,1708,31,True
sroie/train/X51005719893,sroie,train,936,2017,42,True
sroie/train/X51005719896,sroie,train,812,2864,48,True
sroie/train/X51005719899,sroie,train,932,1617,45,True
sroie/train/X51005719902,sroie,train,884,1963,64,True
sroie/train/X51005719904,sroie,train,932,1920,43,True
sroie/train/X51005719906,sroie,train,932,2253,47,True
sroie/train/X51005719912,sroie,validation,816,2229,51,True
sroie/train/X51005719914,sroie,train,940,2594,79,True
sroie/train/X51005719917,sroie,train,932,2679,77,True
sroie/train/X51005722668,sroie,train,936,1858,59,True
sroie/train/X51005722699,sroie,train,936,2132,38,True
sroie/train/X51005724554,sroie,validation,932,2132,68,True
sroie/train/X51005724621,sroie,train,932,2107,68,True
sroie/train/X51005724627,sroie,train,944,2105,68,True
sroie/train/X51005724629,sroie,train,928,2115,66,True
sroie/train/X51005741944,sroie,train,735,1889,55,True
sroie/train/X51005742068,sroie,train,831,1331,26,True
sroie/train/X51005745183,sroie,validation,740,1173,40,True
sroie/train/X51005745187,sroie,train,744,1335,60,True
sroie/train/X51005745188,sroie,train,706,1659,49,True
sroie/train/X51005745190,sroie,train,744,1970,68,True
sroie/train/X51005745214,sroie,train,702,1466,38,True
sroie/train/X51005745249,sroie,train,740,1863,44,True
sroie/train/X51005745296,sroie,train,786,2184,73,True
sroie/train/X51005746140,sroie,train,744,1244,45,True
sroie/train/X51005749895,sroie,validation,934,2132,63,True
sroie/train/X51005749905,sroie,validation,942,2020,50,True
sroie/train/X51005749912,sroie,train,932,1838,47,True
sroie/train/X51005757199,sroie,train,711,1662,40,True
sroie/train/X51005757201,sroie,validation,704,2587,81,True
sroie/train/X51005757235,sroie,train,706,1640,43,True
sroie/train/X51005757243,sroie,train,708,1652,39,True
sroie/train/X51005757248,sroie,train,705,1844,53,True
sroie/train/X51005757273,sroie,train,711,1313,32,True
sroie/train/X51005757286,sroie,train,710,1208,39,True
sroie/train/X51005757290,sroie,train,714,1463,43,True
sroie/train/X51005757294,sroie,train,710,1227,30,True
sroie/train/X51005757304,sroie,train,703,1784,34,True
sroie/train/X51005757323,sroie,train,710,1451,42,True
sroie/train/X51005757324,sroie,train,708,1330,37,True
sroie/train/X51005757346,sroie,train,708,1302,35,True
sroie/train/X51005757349,sroie,train,703,1373,41,True
sroie/train/X51005757351,sroie,train,703,1328,36,True
sroie/train/X51005757353,sroie,train,698,1448,42,True
sroie/train/X51005763940,sroie,train,740,1946,53,True
sroie/train/X51005806678,sroie,train,986,2559,53,True
sroie/train/X51005806679,sroie,train,986,2559,119,True
sroie/train/X51005806685,sroie,train,747,1180,55,True
sroie/train/X51005806698,sroie,validation,687,1246,60,True
sroie/train/X51005806702,sroie,train,841,1424,46,True
sroie/train/X51005806703,sroie,train,864,1617,67,True
sroie/train/X51005806716,sroie,train,770,1290,61,True
sroie/train/X51005889296,sroie,train,619,1331,41,True
sroie/train/X51006008057,sroie,train,724,2007,82,True
sroie/train/X51006008073,sroie,train,813,1337,63,True
sroie/train/X51006008074,sroie,train,748,1457,64,True
sroie/train/X51006008086,sroie,train,754,1863,49,True
sroie/train/X51006008089,sroie,train,744,2177,62,True
sroie/train/X51006008091,sroie,validation,746,1824,43,True
sroie/train/X51006008197,sroie,train,746,768,27,True
sroie/train/X51006311758,sroie,train,949,2153,67,True
sroie/train/X51006311764,sroie,train,873,1733,48,True
sroie/train/X51006311767,sroie,train,932,2050,62,True
sroie/train/X51006311778,sroie,train,828,2022,48,True
sroie/train/X51006311779,sroie,train,807,2033,53,True
sroie/train/X51006311780,sroie,train,850,2023,70,True
sroie/train/X51006327976,sroie,train,741,1892,61,True
sroie/train/X51006327978,sroie,train,702,2053,65,True
sroie/train/X51006328919,sroie,train,744,1458,31,True
sroie/train/X51006328920,sroie,train,742,1449,32,True
sroie/train/X51006329395,sroie,train,744,1458,31,True
sroie/train/X51006329402,sroie,train,702,1433,36,True
sroie/train/X51006332649,sroie,train,707,1722,58,True
sroie/train/X51006334699,sroie,train,696,2213,46,True
sroie/train/X51006334741,sroie,train,684,1674,46,True
sroie/train/X51006334926,sroie,train,729,1936,40,True
sroie/train/X51006335314,sroie,train,748,1574,52,True
sroie/train/X51006335547,sroie,train,705,1394,38,True
sroie/train/X51006335552,sroie,train,704,2452,103,True
sroie/train/X51006349086,sroie,train,522,954,39,True
sroie/train/X51006350750,sroie,train,700,1574,44,True
sroie/train/X51006350763,sroie,train,705,1564,44,True
sroie/train/X51006387740,sroie,train,740,1483,58,True
sroie/train/X51006387812,sroie,train,705,1877,73,True
sroie/train/X51006387813,sroie,train,740,2465,73,True
sroie/train/X51006387847,sroie,train,707,1688,57,True
sroie/train/X51006387850,sroie,train,709,1283,50,True
sroie/train/X51006387932,sroie,train,742,1196,45,True
sroie/train/X51006387951,sroie,train,523,1087,34,True
sroie/train/X51006387953,sroie,train,524,1078,35,True
sroie/train/X51006387971,sroie,train,704,1513,39,True
sroie/train/X51006388044,sroie,train,705,1474,36,True
sroie/train/X51006388064,sroie,train,708,1699,59,True
sroie/train/X51006388065,sroie,train,705,1276,27,True
sroie/train/X51006388066,sroie,train,738,1238,52,True
sroie/train/X51006388069,sroie,train,712,1957,58,True
sroie/train/X51006388082,sroie,train,701,1399,46,True
sroie/train/X51006389865,sroie,train,938,1961,46,True
sroie/train/X51006389884,sroie,train,888,2269,49,True
sroie/train/X51006389888,sroie,validation,888,2276,50,True
sroie/train/X51006389893,sroie,train,890,2264,42,True
sroie/train/X51006389963,sroie,validation,935,3296,100,True
sroie/train/X51006392122,sroie,train,708,1463,41,True
sroie/train/X51006392273,sroie,train,698,1372,47,True
sroie/train/X51006392299,sroie,validation,751,1370,43,True
sroie/train/X51006392313,sroie,train,744,1787,62,True
sroie/train/X51006393376,sroie,validation,594,1105,29,True
sroie/train/X51006393377,sroie,train,592,1563,55,True
sroie/train/X51006401723,sroie,train,735,1689,48,True
sroie/train/X51006401836,sroie,train,707,1230,36,True
sroie/train/X51006401869,sroie,train,708,1394,40,True
sroie/train/X51006401978,sroie,train,743,1454,32,True
sroie/train/X51006414392,sroie,train,4945,6981,49,True
sroie/train/X51006414394,sroie,train,4961,7016,76,True
sroie/train/X51006414429,sroie,validation,4961,7016,39,True
sroie/train/X51006414431,sroie,validation,4961,7016,35,True
sroie/train/X51006414470,sroie,train,4961,7016,39,True
sroie/train/X51006414483,sroie,train,4961,7016,39,True
sroie/train/X51006414485,sroie,train,4961,7016,39,True
sroie/train/X51006414519,sroie,train,4961,7016,62,True
sroie/train/X51006414533,sroie,train,4961,7016,26,True
sroie/train/X51006414599,sroie,train,4961,7016,56,True
sroie/train/X51006414631,sroie,train,4912,6888,47,True
sroie/train/X51006414633,sroie,train,4961,7016,39,True
sroie/train/X51006414636,sroie,train,4961,7016,44,True
sroie/train/X51006414638,sroie,train,4961,7016,70,True
sroie/train/X51006414671,sroie,train,4961,7016,47,True
sroie/train/X51006414674,sroie,train,4961,7016,73,True
sroie/train/X51006414675,sroie,train,4961,7016,77,True
sroie/train/X51006414677,sroie,validation,4961,7016,47,True
sroie/train/X51006414679,sroie,train,4961,7016,37,True
sroie/train/X51006414680,sroie,validation,4961,7016,42,True
sroie/train/X51006414700,sroie,train,4961,7016,45,True
sroie/train/X51006414703,sroie,train,4953,6993,68,True
sroie/train/X51006414711,sroie,train,4961,7016,77,True
sroie/train/X51006414712,sroie,train,4961,7016,89,True
sroie/train/X51006414713,sroie,validation,4961,7016,118,True
sroie/train/X51006414714,sroie,validation,4961,7016,63,True
sroie/train/X51006414718,sroie,validation,4961,7016,44,True
sroie/train/X51006414719,sroie,train,4961,7016,42,True
sroie/train/X51006414720,sroie,train,4854,6724,45,True
sroie/train/X51006414721,sroie,train,4961,7016,70,True
sroie/train/X51006414733,sroie,validation,4945,6981,92,True
sroie/train/X51006441473,sroie,train,544,1646,58,True
sroie/train/X51006441474,sroie,validation,621,975,56,True
sroie/train/X51006466055,sroie,train,575,1975,51,True
sroie/train/X51006466056,sroie,train,587,1471,61,True
sroie/train/X51006466060,sroie,train,443,911,32,True
sroie/train/X51006466062,sroie,train,443,875,30,True
sroie/train/X51006466065,sroie,train,623,1207,44,True
sroie/train/X51006466066,sroie,train,619,1803,68,True
sroie/train/X51006466778,sroie,validation,615,935,33,True
sroie/train/X51006502529,sroie,train,439,851,37,True
sroie/train/X51006502531,sroie,train,443,1319,42,True
sroie/train/X51006502533,sroie,train,623,1371,46,True
sroie/train/X51006554833,sroie,train,588,1464,61,True
sroie/train/X51006555072,sroie,train,592,982,35,True
sroie/train/X51006555125,sroie,train,588,1248,26,True
sroie/train/X51006555570,sroie,train,588,1728,90,True
sroie/train/X51006555780,sroie,train,616,1192,79,True
sroie/train/X51006555784,sroie,train,616,1166,72,True
sroie/train/X51006555806,sroie,train,620,1204,81,True
sroie/train/X51006555814,sroie,train,616,1240,87,True
sroie/train/X51006555817,sroie,train,620,1200,79,True
sroie/train/X51006555818,sroie,validation,620,1298,100,True
sroie/train/X51006556591,sroie,train,622,1245,72,True
sroie/train/X51006556596,sroie,train,621,1264,79,True
sroie/train/X51006556604,sroie,train,616,1196,79,True
sroie/train/X51006556646,sroie,train,616,1312,92,True
sroie/train/X51006556650,sroie,train,620,1200,79,True
sroie/train/X51006556656,sroie,train,620,1224,86,True
sroie/train/X51006556726,sroie,train,620,1172,72,True
sroie/train/X51006556730,sroie,train,608,918,38,True
sroie/train/X51006556732,sroie,train,616,1182,72,True
sroie/train/X51006556738,sroie,train,612,1254,93,True
sroie/train/X51006556815,sroie,validation,622,1268,79,True
sroie/train/X51006556818,sroie,train,616,1200,79,True
sroie/train/X51006556823,sroie,train,616,1176,72,True
sroie/train/X51006556824,sroie,train,616,1248,93,True
sroie/train/X51006556825,sroie,validation,616,1184,72,True
sroie/train/X51006556828,sroie,train,620,1282,93,True
sroie/train/X51006556830,sroie,train,612,1256,63,True
sroie/train/X51006556831,sroie,train,620,1256,63,True
sroie/train/X51006556838,sroie,train,588,1216,87,True
sroie/train/X51006556839,sroie,train,616,1200,78,True
sroie/train/X51006556840,sroie,train,621,1296,73,True
sroie/train/X51006556841,sroie,train,616,1190,71,True
sroie/train/X51006556852,sroie,train,616,1358,103,True
sroie/train/X51006556861,sroie,train,616,1216,72,True
sroie/train/X51006557117,sroie,train,620,1245,87,True
sroie/train/X51006557119,sroie,validation,616,1150,65,True
sroie/train/X51006557161,sroie,train,616,1182,72,True
sroie/train/X51006557164,sroie,train,612,1208,79,True
sroie/train/X51006557168,sroie,validation,620,1208,79,True
sroie/train/X51006557170,sroie,train,612,1160,72,True
sroie/train/X51006557178,sroie,train,620,1176,72,True
sroie/train/X51006557179,sroie,validation,620,1176,72,True
sroie/train/X51006557184,sroie,train,619,1220,72,True
sroie/train/X51006557185,sroie,train,616,1224,86,True
sroie/train/X51006557188,sroie,train,616,1200,79,True
sroie/train/X51006557193,sroie,train,618,1234,72,True
sroie/train/X51006557195,sroie,train,620,1276,100,True
sroie/train/X51006557198,sroie,train,620,1264,94,True
sroie/train/X51006557199,sroie,validation,616,1238,86,True
sroie/train/X51006557202,sroie,train,604,1172,71,True
sroie/train/X51006557210,sroie,train,616,1208,79,True
sroie/train/X51006557213,sroie,train,620,1184,72,True
sroie/train/X51006557508,sroie,validation,616,1224,87,True
sroie/train/X51006619341,sroie,train,888,1978,37,True
sroie/train/X51006619342,sroie,train,888,1681,27,True
sroie/train/X51006619343,sroie,train,888,2185,50,True
sroie/train/X51006619496,sroie,train,888,2160,44,True
sroie/train/X51006619545,sroie,train,880,3123,96,True
sroie/train/X51006619550,sroie,train,888,2595,57,True
sroie/train/X51006619561,sroie,validation,888,2904,63,True
sroie/train/X51006619563,sroie,validation,888,1684,27,True
sroie/train/X51006619566,sroie,train,884,1679,27,True
sroie/train/X51006619694,sroie,train,812,2214,46,True
sroie/train/X51006619696,sroie,train,884,1677,27,True
sroie/train/X51006619697,sroie,train,932,2225,48,True
sroie/train/X51006619698,sroie,train,888,1939,35,True
sroie/train/X51006619709,sroie,train,884,2822,78,True
sroie/train/X51006619758,sroie,train,884,1688,31,True
sroie/train/X51006619765,sroie,train,888,2899,70,True
sroie/train/X51006619772,sroie,train,920,1864,36,True
sroie/train/X51006619777,sroie,validation,884,1838,33,True
sroie/train/X51006619780,sroie,train,932,1659,32,True
sroie/train/X51006619783,sroie,validation,928,2068,50,True
sroie/train/X51006619785,sroie,train,880,2900,79,True
sroie/train/X51006619854,sroie,train,888,1677,27,True
sroie/train/X51006619862,sroie,validation,884,1833,34,True
sroie/train/X51006620161,sroie,train,884,2376,53,True
sroie/train/X51006620176,sroie,validation,888,1813,30,True
sroie/train/X51006620181,sroie,train,936,1321,28,True
sroie/train/X51006620186,sroie,train,888,2603,67,True
sroie/train/X51006620187,sroie,train,932,1432,49,True
sroie/train/X51006620189,sroie,train,884,2620,57,True
sroie/train/X51006620190,sroie,train,888,2038,37,True
sroie/train/X51006620191,sroie,train,884,1979,40,True
sroie/train/X51006620414,sroie,train,932,2044,63,True
sroie/train/X51006647932,sroie,train,623,1079,49,True
sroie/train/X51006679216,sroie,train,623,1607,73,True
sroie/train/X51006679222,sroie,train,615,1347,47,True
sroie/train/X51006713996,sroie,train,731,1324,47,True
sroie/train/X51006714065,sroie,train,754,1279,41,True
sroie/train/X51006733494,sroie,validation,932,1812,46,True
sroie/train/X51006828217,sroie,train,884,1840,34,True
sroie/train/X51006856981,sroie,train,816,2156,46,True
sroie/train/X51006857071,sroie,train,888,2016,41,True
sroie/train/X51006857265,sroie,validation,884,2104,44,True
sroie/train/X51006857660,sroie,train,932,2143,70,True
sroie/train/X51006867435,sroie,train,532,1336,41,True
sroie/train/X51006867436,sroie,validation,532,1502,49,True
sroie/train/X51006882603,sroie,train,436,1488,62,True
sroie/train/X51006912960,sroie,train,4854,6712,36,True
sroie/train/X51006912972,sroie,train,4961,7016,39,True
sroie/train/X51006912974,sroie,train,4961,7016,39,True
sroie/train/X51006913007,sroie,train,4961,7016,69,True
sroie/train/X51006913019,sroie,train,4961,7016,80,True
sroie/train/X51006913023,sroie,validation,4961,7016,39,True
sroie/train/X51006913024,sroie,train,4961,7016,39,True
sroie/train/X51006913028,sroie,validation,4961,7016,38,True
sroie/train/X51006913030,sroie,validation,4961,7016,39,True
sroie/train/X51006913031,sroie,train,4961,7016,34,True
sroie/train/X51006913051,sroie,validation,4961,7016,63,True
sroie/train/X51006913054,sroie,train,4846,6689,52,True
sroie/train/X51006913055,sroie,train,4961,7016,52,True
sroie/train/X51006913059,sroie,train,4961,7016,44,True
sroie/train/X51006913068,sroie,train,4961,7016,32,True
sroie/train/X51006913070,sroie,train,4961,7016,43,True
sroie/train/X51006913073,sroie,train,4961,7016,43,True
sroie/train/X51006913074,sroie,train,4961,7016,75,True
sroie/train/X51007103578,sroie,validation,740,1698,63,True
sroie/train/X51007103599,sroie,train,792,1301,37,True
sroie/train/X51007103639,sroie,train,753,1445,49,True
sroie/train/X51007103641,sroie,train,787,1490,57,True
sroie/train/X51007103643,sroie,train,825,1568,57,True
sroie/train/X51007103675,sroie,validation,741,1428,50,True
sroie/train/X51007103681,sroie,validation,864,1213,34,True
sroie/train/X51007103688,sroie,train,842,1280,36,True
sroie/train/X51007103691,sroie,train,831,1695,44,True
sroie/train/X51007103692,sroie,train,775,1500,51,True
sroie/train/X51007103702,sroie,train,814,1374,44,True
sroie/train/X51007225398,sroie,train,624,1273,46,True
sroie/train/X51007225399,sroie,validation,621,1526,62,True
sroie/train/X51007225417,sroie,train,622,1428,55,True
sroie/train/X51007225442,sroie,train,621,1280,49,True
sroie/train/X51007228448,sroie,train,616,1032,42,True
sroie/train/X51007231336,sroie,train,4961,7016,39,True
sroie/train/X51007231338,sroie,train,4961,7016,66,True
sroie/train/X51007231344,sroie,train,4961,7016,43,True
sroie/train/X51007231361,sroie,train,4945,6981,74,True
sroie/train/X51007231365,sroie,validation,4961,7016,61,True
sroie/train/X51007231370,sroie,train,4961,7016,40,True
sroie/train/X51007231374,sroie,validation,4961,7016,44,True
sroie/train/X51007262315,sroie,train,616,1614,47,True
sroie/train/X51007262328,sroie,train,620,1212,58,True
sroie/train/X51007262330,sroie,train,608,1040,45,True
sroie/train/X51007339094,sroie,validation,623,1471,47,True
sroie/train/X51007339095,sroie,train,623,1515,51,True
sroie/train/X51007339097,sroie,validation,619,1475,47,True
sroie/train/X51007339098,sroie,train,619,1475,46,True
sroie/train/X51007339100,sroie,train,619,1483,46,True
sroie/train/X51007339106,sroie,train,619,1583,53,True
sroie/train/X51007339107,sroie,train,619,1555,52,True
sroie/train/X51007339110,sroie,train,615,1407,45,True
sroie/train/X51007339111,sroie,train,623,1407,45,True
sroie/train/X51007339112,sroie,train,623,1467,46,True
sroie/train/X51007339113,sroie,train,623,1475,46,True
sroie/train/X51007339114,sroie,validation,623,1519,53,True
sroie/train/X51007339115,sroie,train,623,1471,46,True
sroie/train/X51007339117,sroie,validation,623,1591,53,True
sroie/train/X51007339118,sroie,train,623,1399,45,True
sroie/train/X51007339120,sroie,train,623,1555,52,True
sroie/train/X51007339126,sroie,train,623,1519,51,True
sroie/train/X51007339130,sroie,validation,619,1475,46,True
sroie/train/X51007339131,sroie,validation,623,1539,52,True
sroie/train/X51007339132,sroie,validation,635,1323,43,True
sroie/train/X51007339133,sroie,train,623,1475,46,True
sroie/train/X51007339135,sroie,train,623,1471,46,True
sroie/train/X51007339136,sroie,validation,623,1719,65,True
sroie/train/X51007339139,sroie,train,619,1407,45,True
sroie/train/X51007339146,sroie,validation,619,1547,52,True
sroie/train/X51007339150,sroie,validation,623,1475,47,True
sroie/train/X51007339151,sroie,train,615,1479,46,True
sroie/train/X51007339152,sroie,train,623,1479,46,True
sroie/train/X51007339156,sroie,validation,619,1475,46,True
sroie/train/X51007339157,sroie,validation,615,1475,46,True
sroie/train/X51007339158,sroie,train,619,1479,46,True
sroie/train/X51007339162,sroie,train,623,1511,52,True
sroie/train/X51007339164,sroie,train,627,1559,52,True
sroie/train/X51007339165,sroie,train,619,1607,56,True
sroie/train/X51007339166,sroie,train,623,1511,50,True
sroie/train/X51007339167,sroie,validation,619,1511,50,True
sroie/train/X51007339639,sroie,validation,591,1779,58,True
sroie/train/X51007339642,sroie,validation,595,1771,57,True
sroie/train/X51007339643,sroie,train,591,1659,58,True
sroie/train/X51007339647,sroie,train,591,1783,58,True
sroie/train/X51007339648,sroie,validation,591,1803,58,True
sroie/train/X51007339650,sroie,validation,591,1759,57,True
sroie/train/X51007339651,sroie,train,587,1783,58,True
sroie/train/X51007339653,sroie,train,591,1395,57,True
sroie/train/X51007339656,sroie,train,591,1771,58,True
sroie/train/X51007339657,sroie,train,587,1815,64,True
sroie/train/X51007339658,sroie,train,587,1771,58,True
sroie/train/X51007391372,sroie,train,587,1779,63,True
sroie/train/X51007419197,sroie,train,612,984,38,True
sroie/train/X51007579726,sroie,train,627,1411,56,True
sroie/train/X51007843145,sroie,train,4961,7016,47,True
sroie/train/X51007846269,sroie,validation,4961,7016,41,True
sroie/train/X51007846270,sroie,train,4961,7016,75,True
sroie/train/X51007846286,sroie,train,4961,7016,45,True
sroie/train/X51007846301,sroie,train,4961,7016,46,True
sroie/train/X51007846302,sroie,train,4961,7016,75,True
sroie/train/X51007846305,sroie,train,4961,7016,105,True
sroie/train/X51007846307,sroie,train,4961,7016,41,True
sroie/train/X51007846309,sroie,train,4961,7016,40,True
sroie/train/X51007846325,sroie,train,4961,7016,70,True
sroie/train/X51007846326,sroie,train,4961,7016,56,True
sroie/train/X51007846350,sroie,train,4961,7016,79,True
sroie/train/X51007846353,sroie,train,4961,7016,67,True
sroie/train/X51007846357,sroie,train,4961,7016,42,True
sroie/train/X51007846366,sroie,train,4961,7016,61,True
sroie/train/X51007846368,sroie,train,4961,7016,141,True
sroie/train/X51007846370,sroie,train,4961,7016,39,True
sroie/train/X51007846388,sroie,train,4961,7016,39,True
sroie/train/X51007846391,sroie,train,4961,7016,39,True
sroie/train/X51007846393,sroie,train,4961,7016,60,True
sroie/train/X51007846395,sroie,train,4961,7016,34,True
sroie/train/X51007846398,sroie,train,4961,7016,43,True
sroie/train/X51007846410,sroie,train,4961,7016,68,True
sroie/train/X51007846412,sroie,validation,4961,7016,65,True
sroie/train/X51007846451,sroie,train,4961,7016,51,True
sroie/train/X51008030560,sroie,train,794,1354,57,True
sroie/train/X51008030565,sroie,train,791,1623,55,True
sroie/train/X51008030566,sroie,train,788,1609,54,True
sroie/train/X51008042777,sroie,train,789,1442,44,True
sroie/train/X51008042778,sroie,validation,791,1512,49,True
sroie/train/X51008042782,sroie,train,794,1515,49,True
sroie/train/X51008042783,sroie,validation,783,1583,35,True
sroie/train/X51008042791,sroie,train,792,1447,43,True
sroie/train/X51008042792,sroie,train,791,1453,44,True
sroie/train/X51008042793,sroie,train,791,1334,45,True
sroie/train/X51008063849,sroie,validation,757,1204,35,True
sroie/train/X51008064061,sroie,train,825,2135,46,True
sroie/train/X51008099041,sroie,train,932,1654,39,True
sroie/train/X51008099043,sroie,train,928,1738,43,True
sroie/train/X51008099044,sroie,train,928,1828,52,True
sroie/train/X51008099046,sroie,train,932,1742,47,True
sroie/train/X51008099048,sroie,train,932,1974,47,True
sroie/train/X51008099049,sroie,train,932,2143,51,True
sroie/train/X51008099054,sroie,train,932,2113,45,True
sroie/train/X51008099071,sroie,train,932,1718,41,True
sroie/train/X51008099073,sroie,train,932,1795,43,True
sroie/train/X51008099081,sroie,train,932,1659,42,True
sroie/train/X51008099083,sroie,train,936,1829,52,True
sroie/train/X51008099084,sroie,train,932,1741,47,True
sroie/train/X51008099085,sroie,train,932,1740,47,True
sroie/train/X51008099087,sroie,train,932,1964,47,True
sroie/train/X51008099089,sroie,train,932,1826,52,True
sroie/train/X51008099102,sroie,train,932,2722,75,True
sroie/train/X51008114216,sroie,train,936,1663,35,True
sroie/train/X51008114217,sroie,train,936,2004,52,True
sroie/train/X51008114260,sroie,train,751,1324,27,True
sroie/train/X51008114262,sroie,train,748,1397,32,True
sroie/train/X51008114266,sroie,train,750,1471,33,True
sroie/train/X51008114281,sroie,validation,884,1636,29,True
sroie/train/X51008114282,sroie,train,888,1741,29,True
sroie/train/X51008114283,sroie,train,936,1741,38,True
sroie/train/X51008114284,sroie,train,936,1665,34,True
sroie/train/X51008114321,sroie,train,936,1749,39,True
sroie/train/X51008122920,sroie,train,748,1444,54,True
sroie/train/X51008123446,sroie,train,532,1271,22,True
sroie/train/X51008123447,sroie,train,532,1305,24,True
sroie/train/X51008123450,sroie,train,537,1247,23,True
sroie/train/X51008123451,sroie,validation,748,1271,46,True
sroie/train/X51008123476,sroie,train,532,1295,25,True
sroie/train/X51008123580,sroie,train,621,1331,52,True
sroie/train/X51008123586,sroie,train,622,1144,50,True
sroie/train/X51008123599,sroie,train,622,1310,51,True
sroie/train/X51008123604,sroie,train,622,1423,63,True
sroie/train/X51008128052,sroie,train,932,1786,38,True
sroie/train/X51008128062,sroie,train,928,1559,42,True
sroie/train/X51008128065,sroie,train,884,1613,28,True
sroie/train/X51008142005,sroie,train,791,1794,58,True
sroie/train/X51008142030,sroie,train,936,1992,54,True
sroie/train/X51008142031,sroie,train,932,2166,62,True
sroie/train/X51008142032,sroie,train,932,2167,62,True
sroie/train/X51008142033,sroie,train,936,1949,52,True
sroie/train/X51008142034,sroie,train,884,1854,49,True
sroie/train/X51008142038,sroie,validation,892,1686,29,True
sroie/train/X51008142058,sroie,train,928,2110,77,True
sroie/train/X51008142059,sroie,train,932,2211,84,True
sroie/train/X51008142060,sroie,train,928,2143,78,True
sroie/train/X51008142061,sroie,train,932,2214,84,True
sroie/train/X51008142062,sroie,train,928,2213,83,True
sroie/train/X51008142063,sroie,train,928,2350,91,True
sroie/train/X51008142065,sroie,train,932,2354,92,True
sroie/train/X51008142068,sroie,validation,928,2104,77,True
sroie/train/X51008145450,sroie,train,616,1304,53,True
sroie/train/X51008145504,sroie,validation,616,1020,54,True
sroie/train/X51008145505,sroie,train,646,1267,50,True
sroie/train/X51008164420,sroie,validation,936,2248,42,True
sroie/train/X51008164510,sroie,train,660,1243,23,True
sroie/train/X51008164524,sroie,train,924,1771,48,True
sroie/train/X51008164525,sroie,train,928,1662,53,True
sroie/train/X51008164969,sroie,train,795,1799,60,True
sroie/train/X51008164991,sroie,validation,790,1634,50,True
sroie/train/X51008164992,sroie,validation,791,1848,60,True
sroie/train/X51008164996,sroie,train,795,1784,58,True
sroie/train/X51008164997,sroie,train,795,1705,53,True
sroie/train/X51008164998,sroie,train,793,1636,50,True
sroie/train/X51008164999,sroie,validation,791,1932,66,True
wildreceipt/train/image_files/Image_16/11/d5de7f2a20751e50b84c747c17a24cd98bed3554.jpeg,wildreceipt,train,1600,1200,60,True
wildreceipt/train/image_files/Image_36/15/f4bb5ce76d2bc39f560fade5d3bc8aee9edaee6a.jpeg,wildreceipt,train,1000,1777,100,True
wildreceipt/train/image_files/Image_61/3/209ed5a9c073c6a401a74be946e06b90b64f6244.jpeg,wildreceipt,train,719,960,93,True
wildreceipt/train/image_files/Image_70/5/2769.jpeg,wildreceipt,train,750,1000,28,True
wildreceipt/train/image_files/Image_69/5/1bbe854b8817dedb8585e0732089fd1f752d2cec.jpeg,wildreceipt,train,750,1000,29,True
wildreceipt/train/image_files/Image_66/4/5b6f6c44f766c762362c03c7c7d71f7f47bfa015.jpeg,wildreceipt,train,337,450,42,True
wildreceipt/train/image_files/Image_18/12/1c8f4b6b8b35f4211df8835725b82ded4d87d7b9.jpeg,wildreceipt,train,300,300,27,True
wildreceipt/train/image_files/Image_44/17/d7569862ce517a0518b889065f2bc7053a9bd6cd.jpeg,wildreceipt,train,338,450,52,True
wildreceipt/train/image_files/Image_76/6/829116cafaaa5501ff4446d1368f8fa6fb6ce0a7.jpeg,wildreceipt,train,507,450,27,True
wildreceipt/train/image_files/Image_50/19/3e1dde49f134c01007aff0cfe83280a174dff804.jpeg,wildreceipt,validation,401,500,28,True
wildreceipt/train/image_files/Image_18/12/1bf58322901e12bd7a7b943078b20e5aa931b28a.jpeg,wildreceipt,train,750,1000,79,True
wildreceipt/train/image_files/Image_3/0/9e1271493358a34a2aaf7dd08727be5b5dc787ec.jpeg,wildreceipt,train,768,1024,28,True
wildreceipt/train/image_files/Image_62/3/3845.jpeg,wildreceipt,train,412,550,33,True
wildreceipt/train/image_files/Image_2/0/9c66909aa45af7ba5aa5f8ab2aa79ff0677e8794.jpeg,wildreceipt,train,1600,1067,60,True
wildreceipt/train/image_files/Image_84/8/4315.jpeg,wildreceipt,train,539,719,54,True
wildreceipt/train/image_files/Image_71/5/80e89dfdbbd08a82eb5176ad9148b44df0816579.jpeg,wildreceipt,validation,1600,1067,37,True
wildreceipt/train/image_files/Image_21/12/e162653a8dd5db6d73cd4246bbbc51f11659e95f.jpeg,wildreceipt,train,348,348,25,True
wildreceipt/train/image_files/Image_86/8/7751f9726f1fab0caa1cd8e0f20515972180327f.jpeg,wildreceipt,train,250,450,34,True
wildreceipt/train/image_files/Image_34/15/90fed6c9f197d913ddd9ecaa15f31bb8a5b17cbb.jpeg,wildreceipt,validation,272,702,109,True
wildreceipt/train/image_files/Image_67/4/986a56b6b1ebbc03c6a47b9a46e8f5a7e14d099e.jpeg,wildreceipt,train,626,626,29,True
wildreceipt/train/image_files/Image_49/19/0d191259c308f1063e887b537fd93b280fd596e3.jpeg,wildreceipt,train,871,1524,45,True
wildreceipt/train/image_files/Image_40/16/b3a943b8134f180bbe627cc05322d9ba8f42ab28.jpeg,wildreceipt,train,672,702,43,True
wildreceipt/train/image_files/Image_62/3/43b2d91a8890d532f45970813720e7d8779e1ee3.jpeg,wildreceipt,train,309,550,100,True
wildreceipt/train/image_files/Image_82/7/d76d5885f81d7439d0fad07895d1d3d2232c7275.jpeg,wildreceipt,train,338,450,35,True
wildreceipt/train/image_files/Image_76/6/904dad18378d353e6a4e37364f05398f5db02424.jpeg,wildreceipt,train,960,1280,52,True
wildreceipt/train/image_files/Image_23/13/69c4ad29f50e25e0037359c7b807028986c1ddde.jpeg,wildreceipt,train,423,1600,145,True
wildreceipt/train/image_files/Image_55/2/bf0dfbada8096f22970034171d29624ce6683a5f.jpeg,wildreceipt,validation,400,662,28,True
wildreceipt/train/image_files/Image_53/2/0ce2b4b0c54dc171a57f13d74794557f3470f35a.jpeg,wildreceipt,train,338,450,31,True
wildreceipt/train/image_files/Image_4/0/d9cf2329f68f290d8ec555971010c9b22360b4be.jpeg,wildreceipt,train,499,667,28,True
wildreceipt/train/image_files/Image_82/7/c0ada7ae57b121c15678af2b0cb19e906af61de7.jpeg,wildreceipt,validation,253,450,34,True
wildreceipt/train/image_files/Image_82/7/c67396aca72c850ef12523dad61c34607a59dd1c.jpeg,wildreceipt,validation,1000,1000,31,True
wildreceipt/train/image_files/Image_4/0/f0af899079922e4d2434b2e5edef04e59753f9e8.jpeg,wildreceipt,train,338,450,41,True
wildreceipt/train/image_files/Image_71/5/6dec3c976330ca2c62d1c9238bb38034163ef813.jpeg,wildreceipt,train,338,450,32,True
wildreceipt/train/image_files/Image_79/7/3960.jpeg,wildreceipt,train,250,250,28,True
wildreceipt/train/image_files/Image_28/14/529f47f473847a91a8976c286e1a65b1e577504c.jpeg,wildreceipt,validation,821,899,52,True
wildreceipt/train/image_files/Image_90/9/799c6550e3e71f2cd045889e859645f2f9c993c2.jpeg,wildreceipt,train,419,450,35,True
wildreceipt/train/image_files/Image_82/7/c8be23469e2e1e50a54c084615da5b0a3c13dbee.jpeg,wildreceipt,validation,348,348,28,True
wildreceipt/train/image_files/Image_44/17/a4111c88a3c467e478e22535ec67fae667a3c6c9.jpeg,wildreceipt,validation,1312,2367,29,True
wildreceipt/train/image_files/Image_70/5/2587.jpeg,wildreceipt,validation,1536,2048,101,True
wildreceipt/train/image_files/Image_51/19/595b5da8ab99e474662ec93fc1e7ae689d856999.jpeg,wildreceipt,train,786,1600,83,True
wildreceipt/train/image_files/Image_74/6/2399.jpeg,wildreceipt,train,250,250,27,True
wildreceipt/train/image_files/Image_35/15/a038ab8308030bc96bad3ac4de6f55c8e9fc7045.jpeg,wildreceipt,train,301,450,33,True
wildreceipt/train/image_files/Image_8/1/715d16debf61fb3f9ee90c2aada5ed36ddab8546.jpeg,wildreceipt,train,360,480,61,True
wildreceipt/train/image_files/Image_51/19/59c2d99e1990230a68d887f093d55cc1be28863b.jpeg,wildreceipt,validation,449,598,40,True
wildreceipt/train/image_files/Image_61/3/013539ce498fedf97bbf65a7108aef46e773ae32.jpeg,wildreceipt,train,337,450,31,True
wildreceipt/train/image_files/Image_1/0/1640.jpeg,wildreceipt,train,450,600,49,True
wildreceipt/train/image_files/Image_86/8/8e0c37df1535db3efcb86c72e1e74eca94db2f4d.jpeg,wildreceipt,train,266,404,16,True
wildreceipt/train/image_files/Image_3/0/ac28f47592d8e6476fe86c473205604642e90ff8.jpeg,wildreceipt,validation,2448,3264,52,True
wildreceipt/train/image_files/Image_2/0/65ed0ce9c74668a22b3a0dd8cfda2eec89572495.jpeg,wildreceipt,validation,1600,902,39,True
wildreceipt/train/image_files/Image_19/12/4008.jpeg,wildreceipt,train,400,535,31,True
wildreceipt/train/image_files/Image_77/6/ae5e0dc4aec25f4a7dca2baf024e1fcbf2b3f3ab.jpeg,wildreceipt,train,550,309,38,True
wildreceipt/train/image_files/Image_64/4/1f473431e47e4a4aa0ccb3c9c6b9c09f5ff481d2.jpeg,wildreceipt,train,348,348,40,True
wildreceipt/train/image_files/Image_16/11/af5c18dc7f6bf898282847e14de6d25c43ee5ab6.jpeg,wildreceipt,validation,412,549,40,True
wildreceipt/train/image_files/Image_14/11/3972ed7028c3bda73c85ae719a3558ef9aa863e2.jpeg,wildreceipt,validation,348,348,38,True
wildreceipt/train/image_files/Image_59/20/cadbc9b5758fb327918e092dbff9889351ead19f.jpeg,wildreceipt,train,338,450,48,True
wildreceipt/train/image_files/Image_21/12/e134cb824a29be5c81ed028e5c53a34a2cb13c3f.jpeg,wildreceipt,train,562,1000,55,True
wildreceipt/train/image_files/Image_53/2/0e809c1624e29ac7fa534957252fcb50e0780d0a.jpeg,wildreceipt,validation,550,413,43,True
wildreceipt/train/image_files/Image_31/14/d415a1b40219c0c2ca24f272ace9fe4e13880bf2.jpeg,wildreceipt,train,338,450,32,True
wildreceipt/train/image_files/Image_77/6/a3a00049a62f8a6cec4203a51338a2c9db4f99a4.jpeg,wildreceipt,validation,750,1000,49,True
wildreceipt/train/image_files/Image_65/4/3775.jpeg,wildreceipt,train,337,450,52,True
wildreceipt/train/image_files/Image_42/17/3803.jpeg,wildreceipt,train,300,687,64,True
wildreceipt/train/image_files/Image_46/18/34bfd6a9152b94628f5c16f38e6c3c17ceb00448.jpeg,wildreceipt,validation,731,1000,50,True
wildreceipt/train/image_files/Image_32/15/2570.jpeg,wildreceipt,train,348,348,18,True
wildreceipt/train/image_files/Image_27/14/280f65b32348e6e428859412e2df40386567659a.jpeg,wildreceipt,train,600,600,35,True
wildreceipt/train/image_files/Image_31/14/f2beec3274f2b5e088061f3542a80fb47739fe39.jpeg,wildreceipt,validation,2448,3264,56,True
wildreceipt/train/image_files/Image_41/17/014012b2bb3b2beefe92047a01467c08f756ecca.jpeg,wildreceipt,validation,338,450,57,True
wildreceipt/train/image_files/Image_24/13/ad2a029892d7507ae972b35510f6684ce72ffbb2.jpeg,wildreceipt,train,1200,1600,45,True
wildreceipt/train/image_files/Image_10/1/fe379ecddb19fd1422e2132d081adea43bb5affe.jpeg,wildreceipt,train,1224,1632,40,True
wildreceipt/train/image_files/Image_80/7/4229.jpeg,wildreceipt,train,480,800,42,True
wildreceipt/train/image_files/Image_86/8/7aaa66f6a983fdaa51398260cc1bb34a770ff221.jpeg,wildreceipt,train,348,348,23,True
wildreceipt/train/image_files/Image_35/15/9728184fd3ac6fc514373ddb92b30ac063646939.jpeg,wildreceipt,train,1243,1365,37,True
wildreceipt/train/image_files/Image_17/12/01a645e7b7a5179f2fc6c3d22242a43b67eb92ae.jpeg,wildreceipt,train,468,523,15,True
wildreceipt/train/image_files/Image_14/11/452.jpeg,wildreceipt,validation,348,348,35,True
wildreceipt/train/image_files/Image_44/17/b4f63b3a86d264830a6747be563fbb137f20e3c0.jpeg,wildreceipt,train,348,348,32,True
wildreceipt/train/image_files/Image_19/12/4c8b498d93c6cff70d214e775cd99cabf05bc82a.jpeg,wildreceipt,train,1000,2782,55,True
wildreceipt/train/image_files/Image_74/6/473d7f72d3700a1e57bbb62129e90dc66d4b22d8.jpeg,wildreceipt,train,1000,972,31,True
wildreceipt/train/image_files/Image_76/6/7f6bb355c783b0ecb532c3f7351c6bd5c917cf96.jpeg,wildreceipt,train,1779,1334,26,True
wildreceipt/train/image_files/Image_54/2/587028acd6a279c3f407c22c6ef38ee233eee570.jpeg,wildreceipt,train,338,450,31,True
wildreceipt/train/image_files/Image_79/7/393859f9ce2cdbe31eafce852f8a90f4e25d65a6.jpeg,wildreceipt,validation,338,450,55,True
wildreceipt/train/image_files/Image_90/9/7cfe5c43d164ce22e4bf8e74cd2969b1a13bf42d.jpeg,wildreceipt,validation,1229,1447,95,True
wildreceipt/train/image_files/Image_61/3/0bbeb4f506d2e737f291907d70005d31e56b8b1d.jpeg,wildreceipt,train,765,1024,46,True
wildreceipt/train/image_files/Image_47/18/44ade69fa069fe458682d0d0d1d4c665873d9d85.jpeg,wildreceipt,train,337,450,26,True
wildreceipt/train/image_files/Image_78/7/2424.png,wildreceipt,validation,600,800,28,True
wildreceipt/train/image_files/Image_78/7/250600560a4b08355f8b27d97e0cd1016eb86e65.jpeg,wildreceipt,validation,250,250,26,True
wildreceipt/train/image_files/Image_62/3/4076.jpeg,wildreceipt,train,348,348,25,True
wildreceipt/train/image_files/Image_37/16/1178.jpeg,wildreceipt,train,337,450,36,True
wildreceipt/train/image_files/Image_11/10/5ae932955f62e59bf76b1b7fcbea24bf08870504.jpeg,wildreceipt,train,348,348,31,True
wildreceipt/train/image_files/Image_78/7/10d6591d07a9133898039adf447f2ba68cf177f4.jpeg,wildreceipt,train,1068,1600,40,True
wildreceipt/train/image_files/Image_35/15/c31615adfd89e0e38f3b6caec93b584a7c9643f5.jpeg,wildreceipt,train,338,450,35,True
wildreceipt/train/image_files/Image_32/15/262b409a49b0ef3d5a3b89beec01f78c89f1b4ad.jpeg,wildreceipt,validation,270,450,39,True
wildreceipt/train/image_files/Image_86/8/9b0a635b5690dc20ea6f02da079b2f7a71162ccf.jpeg,wildreceipt,train,450,450,59,True
wildreceipt/train/image_files/Image_65/4/34c58275a373bdc6a77a338228b99450bbca0b58.jpeg,wildreceipt,train,768,1024,32,True
wildreceipt/train/image_files/Image_75/6/71f5595f091924063c2451140792a77bfc3220f8.jpeg,wildreceipt,train,338,450,51,True
wildreceipt/train/image_files/Image_33/15/42b6d378cb47d22e62e4ad2939ef89647491862c.jpeg,wildreceipt,train,337,450,68,True
wildreceipt/train/image_files/Image_8/1/67ec8bf1bb9b47290ba413711cc640bc52984842.jpeg,wildreceipt,train,338,450,39,True
wildreceipt/train/image_files/Image_4/0/cf7f81076672d826c12747c8631cfcdb2f31dc14.jpeg,wildreceipt,validation,221,450,38,True
wildreceipt/train/image_files/Image_9/1/e9c6f480560d4180962cddb68245a3699a67557b.jpeg,wildreceipt,validation,338,450,29,True
wildreceipt/train/image_files/Image_46/18/35b916cd10b9c92ba583919e3af0b998e7e458b3.jpeg,wildreceipt,validation,750,1000,49,True
wildreceipt/train/image_files/Image_77/6/ef23fa1a4f60f9b5fb1cceddd5af2ddd06529d1b.jpeg,wildreceipt,train,348,348,27,True
wildreceipt/train/image_files/Image_33/15/4efa873f45fa0db65ee90638f06c9192c66c8169.jpeg,wildreceipt,validation,348,348,19,True
wildreceipt/train/image_files/Image_1/0/123a5b197ed8c6286af15f27657c041d41a5cebb.jpeg,wildreceipt,train,759,1280,44,True
wildreceipt/train/image_files/Image_3/0/af3eb5099f48c24b31af5f7b3b776391473c5a9d.jpeg,wildreceipt,train,484,644,37,True
wildreceipt/train/image_files/Image_48/18/aa11750e7bc749412e78621847ea1c6e640b3743.jpeg,wildreceipt,train,318,450,39,True
wildreceipt/train/image_files/Image_12/10/730e0277d8d32e86510fe86ea6a0f54845823abf.jpeg,wildreceipt,train,640,640,26,True
wildreceipt/train/image_files/Image_1/0/5ab588025b0e819f783b3a463ff795735882ea55.jpeg,wildreceipt,train,2448,3264,48,True
wildreceipt/train/image_files/Image_50/19/3393ff11d3940495b474b75c2d79324e527e0b7c.jpeg,wildreceipt,train,768,1024,40,True
wildreceipt/train/image_files/Image_65/4/35b751a3fa55ca65ac47ecd4ba633800c52500bc.jpeg,wildreceipt,train,348,348,24,True
wildreceipt/train/image_files/Image_57/20/1b28d3fd401a1ca779e215c532b87a11215671bd.jpeg,wildreceipt,train,348,348,35,True
wildreceipt/train/image_files/Image_16/11/d5a5a889b37793edbc675277d932b3d76c67b636.jpeg,wildreceipt,train,638,629,21,True
wildreceipt/train/image_files/Image_84/8/3864.jpeg,wildreceipt,train,500,1009,58,True
wildreceipt/train/image_files/Image_58/20/66633b4553bbb60dbc20b8922b0fa5e769aea6b0.jpeg,wildreceipt,train,450,450,32,True
wildreceipt/train/image_files/Image_1/0/22d770564c9d552aeae9f58143ca84e71a14da98.jpeg,wildreceipt,train,338,450,45,True
wildreceipt/train/image_files/Image_18/12/2317b992b6392918afe1d85a4ad97234e607dbec.jpeg,wildreceipt,validation,562,1000,56,True
wildreceipt/train/image_files/Image_78/7/1940.jpeg,wildreceipt,train,338,450,39,True
wildreceipt/train/image_files/Image_2/0/74eb6a846a45613ebbd2379bcb1516b7227bbb0b.jpeg,wildreceipt,train,1936,2592,33,True
wildreceipt/train/image_files/Image_21/12/cda932da5718bd05c3ccda616807a0f909512c55.jpeg,wildreceipt,validation,562,1000,30,True
wildreceipt/train/image_files/Image_54/2/542.jpeg,wildreceipt,train,250,250,44,True
wildreceipt/train/image_files/Image_80/7/540a95e8286e8958e5136374701bd420b9c5682f.jpeg,wildreceipt,validation,2000,2000,47,True
wildreceipt/train/image_files/Image_23/13/52e2139b3f7d4853abca8a05a3fffb82b90d7b03.jpeg,wildreceipt,train,634,631,30,True
wildreceipt/train/image_files/Image_10/1/f8f169f66bac1dee8f2c2c37af94fb50c986c082.jpeg,wildreceipt,train,338,450,35,True
wildreceipt/train/image_files/Image_60/3/0069776df9951208276e00acf6ac263b45f64598.jpeg,wildreceipt,train,480,480,39,True
wildreceipt/train/image_files/Image_1/0/5619f7bb7829216a2c048cc8b4fc5bc9650fd97b.jpeg,wildreceipt,validation,450,600,21,True
wildreceipt/train/image_files/Image_11/10/44abca3ec7d13b4f47a9c1858aefb2d1716867a6.jpeg,wildreceipt,train,1024,1024,50,True
wildreceipt/train/image_files/Image_87/8/e44ae007b55d19243d44c22760f679f37d2b467b.jpeg,wildreceipt,train,338,450,37,True
wildreceipt/train/image_files/Image_80/7/5ec1628e03f0aece0f73dc391959ad07b7c1b347.jpeg,wildreceipt,train,328,450,34,True
wildreceipt/train/image_files/Image_50/19/3600.jpeg,wildreceipt,train,1200,1600,81,True
wildreceipt/train/image_files/Image_43/17/70b438fb3e559e3068c88318dd929b1bd6a98f5a.jpeg,wildreceipt,train,750,1000,42,True
wildreceipt/train/image_files/Image_50/19/3955.jpeg,wildreceipt,train,600,690,38,True
wildreceipt/train/image_files/Image_13/10/afa9bf7d3f04ccffda3e2e28fcf4569ee0720490.jpeg,wildreceipt,train,348,348,21,True
wildreceipt/train/image_files/Image_74/6/10bacbbe238b129741c2fd6bd20a8cefa976b16a.jpeg,wildreceipt,validation,250,250,28,True
wildreceipt/train/image_files/Image_89/9/376c427b97f656b517cb628a39846b4493c63c7b.jpeg,wildreceipt,train,550,412,56,True
wildreceipt/train/image_files/Image_8/1/7151ce9ed474a44333944ac1b0fca8b79f49ead4.jpeg,wildreceipt,train,550,309,39,True
wildreceipt/train/image_files/Image_56/2/d7ae931e0610892d39e977022e95a91f39f56eb2.jpeg,wildreceipt,train,768,1024,40,True
wildreceipt/train/image_files/Image_34/15/5cda4c988a1d12703b216f80da2140ea7efcd35a.jpeg,wildreceipt,validation,253,450,58,True
wildreceipt/train/image_files/Image_32/15/2b204ee48e162c4622245437d3cdf6bf551a6657.jpeg,wildreceipt,train,253,450,32,True
wildreceipt/train/image_files/Image_27/14/3023.jpeg,wildreceipt,train,300,400,21,True
wildreceipt/train/image_files/Image_66/4/53454137a1b7c1979c6e279de29cf154151a852d.jpeg,wildreceipt,train,338,450,34,True
wildreceipt/train/image_files/Image_12/10/845bdfe454fa07257b02882447c38656fa2edd4c.jpeg,wildreceipt,train,768,1024,23,True
wildreceipt/train/image_files/Image_71/5/58b1ce15f0c255ae8b732efba173e32e17a7a20c.jpeg,wildreceipt,validation,250,250,25,True
wildreceipt/train/image_files/Image_36/16/03b67cb7689a0831aea807ab021b364d122744e5.jpeg,wildreceipt,train,400,533,45,True
wildreceipt/train/image_files/Image_60/20/fd13ed38e117be37c73e021587865e63619b8065.jpeg,wildreceipt,train,338,450,30,True
wildreceipt/train/image_files/Image_48/18/88ee0b334b6384a9981a03c26c4fee16350d03da.jpeg,wildreceipt,train,338,450,36,True
wildreceipt/train/image_files/Image_42/17/3ba62333e66a207a233d9dea981e04cb790724f0.jpeg,wildreceipt,train,300,300,33,True
wildreceipt/train/image_files/Image_11/10/5025160116571551b05e763e790f56b0048326b9.jpeg,wildreceipt,validation,337,450,36,True
wildreceipt/train/image_files/Image_8/1/800146a40d7f13ea17952370a2274fd81cdefe7d.jpeg,wildreceipt,train,540,720,37,True
wildreceipt/train/image_files/Image_38/16/2a2b03409148c6f285035e185e9d686f5e8f4821.jpeg,wildreceipt,train,568,426,75,True
wildreceipt/train/image_files/Image_32/15/1e16a16919d1f1d339187c780e4a4ebec370f5b7.jpeg,wildreceipt,train,2592,1456,19,True
wildreceipt/train/image_files/Image_63/3/661d36ed092c2e04e486788de115d57b5da0add9.jpeg,wildreceipt,train,753,1004,20,True
wildreceipt/train/image_files/Image_30/14/a8163f5e64d1dd70d424c49a486f864f874d27c7.jpeg,wildreceipt,train,750,1000,38,True
wildreceipt/train/image_files/Image_24/13/a5c238464ccef95a75aaab0645fd47d3e3d4fd1c.jpeg,wildreceipt,train,450,450,31,True
wildreceipt/train/image_files/Image_20/12/9d8501063c3fb8aa232e582060717287b23d9b38.jpeg,wildreceipt,train,348,348,23,True
wildreceipt/train/image_files/Image_91/9/dc432de2b15682762fb228108cf221ac0d8910f3.jpeg,wildreceipt,train,600,800,55,True
wildreceipt/train/image_files/Image_30/14/8d228e75ea9b98370fc7df7e9774a25ee4c24abe.jpeg,wildreceipt,train,1536,2048,59,True
wildreceipt/train/image_files/Image_66/4/53cf354ae84fea40d69d50f680acd166219db403.jpeg,wildreceipt,train,500,500,51,True
wildreceipt/train/image_files/Image_29/14/739ebdf2a4d27b257bb4257cf31f0e2962c849b6.jpeg,wildreceipt,train,750,1000,32,True
wildreceipt/train/image_files/Image_59/20/9d8b734e82bc8e2050d5f2924ea9e9879b555085.jpeg,wildreceipt,train,750,1000,43,True
wildreceipt/train/image_files/Image_13/10/a225b018a6b59d9ee44831899445f7c77ca10c68.jpeg,wildreceipt,train,337,450,41,True
wildreceipt/train/image_files/Image_33/15/38b5ebd56179106dc0e21421fbfdca8c2addb3c9.jpeg,wildreceipt,train,640,360,24,True
wildreceipt/train/image_files/Image_45/18/13bfd94308d597108f18782859fbdaabeadbe9cd.jpeg,wildreceipt,validation,338,450,36,True
wildreceipt/train/image_files/Image_64/4/2306.jpeg,wildreceipt,train,348,348,28,True
wildreceipt/train/image_files/Image_65/4/261.jpeg,wildreceipt,train,250,250,39,True
wildreceipt/train/image_files/Image_55/2/83d237de67f6994df20ff50da060b84071fbc12d.jpeg,wildreceipt,train,337,450,38,True
wildreceipt/train/image_files/Image_33/15/4ee9b541e1b634ca98569eeccdb9a9332810201f.jpeg,wildreceipt,train,250,250,26,True
wildreceipt/train/image_files/Image_39/16/70bf17762407069aa7f8d64cae98c9ede43f1548.jpeg,wildreceipt,train,600,800,59,True
wildreceipt/train/image_files/Image_71/5/47a5b9c76b30db16a28bb9ef95915c7db6377c67.jpeg,wildreceipt,validation,337,450,35,True
wildreceipt/train/image_files/Image_75/6/6237e45d21596e8ce5b9b4a1441e8d123aad7ae0.jpeg,wildreceipt,train,338,450,69,True
wildreceipt/train/image_files/Image_14/11/49944794e9288897d52f7bdb11a082c8cfbc7d22.jpeg,wildreceipt,train,577,566,18,True
wildreceipt/train/image_files/Image_49/19/1962.jpeg,wildreceipt,validation,348,348,39,True
wildreceipt/train/image_files/Image_52/19/b1633c453fe0c12e729378293c6bd9734789fe52.jpeg,wildreceipt,train,223,448,41,True
wildreceipt/train/image_files/Image_31/14/fa1cb78a4065dda22dfe0c7b786d3e4ee29847b6.jpeg,wildreceipt,train,480,800,39,True
wildreceipt/train/image_files/Image_34/15/93f3af79825b8776f9db46cda77218384c5731bf.jpeg,wildreceipt,train,600,800,54,True
wildreceipt/train/image_files/Image_66/4/5db188ff166f3959756f776d3edcd0246f059c59.jpeg,wildreceipt,train,803,1003,34,True
wildreceipt/train/image_files/Image_45/17/fc05f3d925e53850facc4ca7e3c8a8d16271e07a.jpeg,wildreceipt,validation,349,450,32,True
wildreceipt/train/image_files/Image_40/16/9823b1a6297fefe3f5b12d3e165e16249426ac38.jpeg,wildreceipt,train,600,864,57,True
wildreceipt/train/image_files/Image_83/7/f4a2b94c919327729df3fdf1b17065ef6be9d442.jpeg,wildreceipt,train,253,450,43,True
wildreceipt/train/image_files/Image_31/14/e8f38277c4cec2540b8d7f2cfd614b995d1c04b3.jpeg,wildreceipt,train,1024,1024,51,True
wildreceipt/train/image_files/Image_24/13/c01c0e3ec05d504cfe21bf63e03ec9b477b87557.jpeg,wildreceipt,train,400,478,47,True
wildreceipt/train/image_files/Image_56/2/cb8ee3d4ca773bb36423e3c55cfa5c215b824a88.jpeg,wildreceipt,train,1444,820,46,True
wildreceipt/train/image_files/Image_30/14/7ffc69a23e89f290a9a11cd1a36e9d4f9102accb.jpeg,wildreceipt,train,337,450,43,True
wildreceipt/train/image_files/Image_43/17/72f97af96de113eba9b66ef4278b0abfac5c85e4.jpeg,wildreceipt,train,1000,750,33,True
wildreceipt/train/image_files/Image_57/20/3540.jpeg,wildreceipt,train,348,348,59,True
wildreceipt/train/image_files/Image_63/3/944.jpeg,wildreceipt,train,348,348,45,True
wildreceipt/train/image_files/Image_64/4/15fc3b6c8fc5d99b34a7b0e9f4ed390aebec3fe1.jpeg,wildreceipt,train,488,398,31,True
wildreceipt/train/image_files/Image_76/6/8a9553d144a873c47aabe1b8e685ec0673768618.jpeg,wildreceipt,train,768,1024,47,True
wildreceipt/train/image_files/Image_46/18/3d7d1d85045654d1ccba32da323d11e12302bfe0.jpeg,wildreceipt,train,348,348,21,True
wildreceipt/train/image_files/Image_36/15/da97d0d5c54c8d692aadf6cca53c85351dace46a.jpeg,wildreceipt,validation,368,450,40,True
wildreceipt/train/image_files/Image_81/7/8c4de5cfce6748a09780ca58f1ab1a82d0171857.jpeg,wildreceipt,train,750,1000,53,True
wildreceipt/train/image_files/Image_18/12/179c27de6866c10e4389916b36a9abf516625540.jpeg,wildreceipt,train,1840,2267,52,True
wildreceipt/train/image_files/Image_57/20/140743f326d1745dada4f330ffe7b765a11f6649.jpeg,wildreceipt,train,319,450,51,True
wildreceipt/train/image_files/Image_71/5/72f71946b5fae69247cc3a8289e26fe2451531c5.jpeg,wildreceipt,train,2448,3264,75,True
wildreceipt/train/image_files/Image_15/11/83570aa5e9fa2522b2c749342ca6c0e221c7a919.jpeg,wildreceipt,train,560,995,21,True
wildreceipt/train/image_files/Image_42/17/312498f45ce77aec7ed6e1c0ef18575f309c38af.jpeg,wildreceipt,train,248,469,57,True
wildreceipt/train/image_files/Image_49/19/2949.jpeg,wildreceipt,validation,309,550,41,True
wildreceipt/train/image_files/Image_73/5/d9ec13ac633b10211619fa27148880c168dfc668.jpeg,wildreceipt,train,338,450,35,True
wildreceipt/train/image_files/Image_24/13/bfb8d44ce3dfd689d300b8b50ccee87cf233bcb4.jpeg,wildreceipt,train,750,1000,57,True
wildreceipt/train/image_files/Image_39/16/6bcf76be39312565dc57ead49f7d9c15bb9b6202.jpeg,wildreceipt,train,750,1000,32,True
wildreceipt/train/image_files/Image_50/19/3e9869e6492827caf6eec598c42b89f0b95aefcb.jpeg,wildreceipt,train,480,480,36,True
wildreceipt/train/image_files/Image_75/6/754bdab4518e80f98a4db0a42c18008c95df938f.jpeg,wildreceipt,train,336,450,86,True
wildreceipt/train/image_files/Image_6/1/2215fbfd1a55ac76beb30220788389273e5d3cba.jpeg,wildreceipt,train,750,1000,25,True
wildreceipt/train/image_files/Image_81/7/a1cfddde28159f1f843ecde6c8c491dbe83f80e3.jpeg,wildreceipt,train,765,1024,34,True
wildreceipt/train/image_files/Image_73/5/e6c4079d299b5143ad9ddb87899169bfe4b2e099.jpeg,wildreceipt,validation,2988,5312,26,True
wildreceipt/train/image_files/Image_60/20/fbaf04cef5c8ee10cf5346d5566eacdc58015e9c.jpeg,wildreceipt,validation,750,1000,24,True
wildreceipt/train/image_files/Image_23/13/532f8b689b61689a392cb68b2948ebc0e6fec03c.jpeg,wildreceipt,train,2988,5312,64,True
wildreceipt/train/image_files/Image_8/1/7dcd957b7a5277c31676fcde2ec6abd8c240a69e.jpeg,wildreceipt,train,1024,768,25,True
wildreceipt/train/image_files/Image_51/19/68f72d2ad70077319633a569d283bd270d7b25fc.jpeg,wildreceipt,train,794,1080,54,True
wildreceipt/train/image_files/Image_18/12/380814401ab282d6236aa3558eea3f05070bbe9b.jpeg,wildreceipt,train,338,450,50,True
wildreceipt/train/image_files/Image_41/16/ce9e8a146a922a8662cee36baa6594ca7c673604.jpeg,wildreceipt,validation,338,450,72,True
wildreceipt/train/image_files/Image_34/15/8af58219d7e3573848476b44c22f12913502e539.jpeg,wildreceipt,train,450,450,36,True
wildreceipt/train/image_files/Image_54/2/6380a76de55ed9dceaf4162f0e14559af8a50173.jpeg,wildreceipt,train,233,590,83,True
wildreceipt/train/image_files/Image_5/1/0b9bcaf7b552b40508e39fd3598f5940a55d3ff9.jpeg,wildreceipt,train,541,900,52,True
wildreceipt/train/image_files/Image_22/13/3344fa179ed0b406392228a3eb9cca879296bf55.jpeg,wildreceipt,train,338,450,27,True
wildreceipt/train/image_files/Image_9/1/a03dfb44fe470d5f042e67cfa8713103d57c2813.jpeg,wildreceipt,train,768,1024,21,True
wildreceipt/train/image_files/Image_73/5/dce578ac8728ecbb3948673609afd0c5b2489f37.jpeg,wildreceipt,train,1024,769,58,True
wildreceipt/train/image_files/Image_91/9/c7e3a8ea68aa6bf2fc957ab8e6b2528ecb0d1df9.jpeg,wildreceipt,train,338,450,36,True
wildreceipt/train/image_files/Image_3/0/bffe8c8585e7704dee224a51897b87ecf55cbe73.jpeg,wildreceipt,train,348,348,31,True
wildreceipt/train/image_files/Image_39/16/955fb61fddc81460aec1dd76f5110b0e941e9c9e.jpeg,wildreceipt,train,348,348,32,True
wildreceipt/train/image_files/Image_61/3/20991c73f3af1ed12bcce99e96e55c85db100a27.jpeg,wildreceipt,train,348,348,36,True
wildreceipt/train/image_files/Image_18/12/2bf9b596d10126cab5a5ce3dca694d11b7c35d1b.jpeg,wildreceipt,validation,2448,3264,35,True
wildreceipt/train/image_files/Image_37/16/26eb599c3b8b070d3cc4cb097b86cd11d1a79d66.jpeg,wildreceipt,train,917,2406,161,True
wildreceipt/train/image_files/Image_89/9/4aba68232a8950337bf06c0c9befb2524be3c523.jpeg,wildreceipt,train,1536,2048,62,True
wildreceipt/train/image_files/Image_5/1/1077236d74cf02629a9483f69a00c38b2a875dde.jpeg,wildreceipt,train,602,1248,31,True
wildreceipt/train/image_files/Image_48/18/81250161effa36284197e94d8552da961323c4d5.jpeg,wildreceipt,validation,327,599,30,True
wildreceipt/train/image_files/Image_53/2/08a9bd4c0be72761698280a0237939539fe71ea7.jpeg,wildreceipt,train,348,348,39,True
wildreceipt/train/image_files/Image_76/6/9562da240a53c02d5c11eed313185d599926ca5a.jpeg,wildreceipt,validation,304,450,31,True
wildreceipt/train/image_files/Image_32/15/1952.jpeg,wildreceipt,train,348,348,32,True
wildreceipt/train/image_files/Image_24/13/7bea075ae66f30a4ba3f8db5b2f0071e58dd5b5b.jpeg,wildreceipt,train,800,1034,39,True
wildreceipt/train/image_files/Image_49/19/0e472a9bc5d88fbba167b366fc722283face3128.jpeg,wildreceipt,train,652,1286,130,True
wildreceipt/train/image_files/Image_91/9/b059e1265bef5bd0e337a7801af6f41d8300f66c.jpeg,wildreceipt,train,1041,975,26,True
wildreceipt/train/image_files/Image_19/12/625e6f38b8dcefbe587240ec617e794d6640738d.jpeg,wildreceipt,train,640,630,12,True
wildreceipt/train/image_files/Image_55/2/705bbece2b163b715be34efd23d7f944b10c2847.jpeg,wildreceipt,train,338,450,60,True
wildreceipt/train/image_files/Image_3/0/c314ca8a05d8afd17fee5b2f9fd209b62c65a9c9.jpeg,wildreceipt,train,348,348,35,True
wildreceipt/train/image_files/Image_63/3/5df175e76bf69c37224c234a86d567eccc568fd6.jpeg,wildreceipt,train,337,450,36,True
wildreceipt/train/image_files/Image_14/11/155075556d30d0ccfcf04da13afa7dec8becc83d.jpeg,wildreceipt,train,348,348,30,True
wildreceipt/train/image_files/Image_71/5/8ef56728735ab11a22069d35ade8fe41facd84c7.jpeg,wildreceipt,train,338,450,44,True
wildreceipt/train/image_files/Image_88/9/1953.jpeg,wildreceipt,train,600,800,35,True
wildreceipt/train/image_files/Image_14/11/48d43ab5d7a69ff714dade3bf33d763804949d73.jpeg,wildreceipt,train,450,600,30,True
wildreceipt/train/image_files/Image_81/7/88d11aa624d95a41fe6b917f423f37f5bf868c4d.jpeg,wildreceipt,train,360,480,29,True
wildreceipt/train/image_files/Image_9/1/a5e966b78d7df79c80c36f71b5ec4d96ab2307dd.jpeg,wildreceipt,train,300,300,38,True
wildreceipt/train/image_files/Image_9/1/b898c63d08281321e9ca0b2ea9fc36d3ad0324ad.jpeg,wildreceipt,train,868,1600,84,True
wildreceipt/train/image_files/Image_75/6/653e350f3e8a6e60994205c7345370b8725109d4.jpeg,wildreceipt,validation,480,480,28,True
wildreceipt/train/image_files/Image_85/8/6d29bbf630c2bf3d448e8d3ce49696929f4b0f26.jpeg,wildreceipt,train,258,258,37,True
wildreceipt/train/image_files/Image_73/5/fdb36aabc0e4e7317681181dc3df78f24e40dfba.jpeg,wildreceipt,train,337,450,68,True
wildreceipt/train/image_files/Image_75/6/6f6e284eb43a3930141be7a5f89f5473b6b9e994.jpeg,wildreceipt,validation,540,720,54,True
wildreceipt/train/image_files/Image_42/17/3471e1aa1abf4624c463fb9e0d6caa93557b3c2a.jpeg,wildreceipt,train,1175,1318,40,True
wildreceipt/train/image_files/Image_41/16/eba847883e55248c14fd840826d041880b9c3315.jpeg,wildreceipt,train,1421,1600,53,True
wildreceipt/train/image_files/Image_79/7/3907.jpeg,wildreceipt,train,348,348,41,True
wildreceipt/train/image_files/Image_28/14/3d295cee52ce4b3973f1498259c690ea3f6246b4.jpeg,wildreceipt,validation,348,348,26,True
wildreceipt/train/image_files/Image_85/8/754bd8a6e36454835c8cadbf9a054e9f6cc45b03.jpeg,wildreceipt,train,300,400,45,True
wildreceipt/train/image_files/Image_10/10/10030031ed4ac035db33b1c5e42a12df9f43f99a.jpeg,wildreceipt,train,348,348,46,True
wildreceipt/train/image_files/Image_28/14/4044.jpeg,wildreceipt,train,348,348,58,True
wildreceipt/train/image_files/Image_55/2/813e7f4aacb8dd00976ce8329bfe743a32ae151a.jpeg,wildreceipt,train,450,450,30,True
wildreceipt/train/image_files/Image_45/17/f6b51dede29603ba56f4cd97c95397c2a45a3e54.jpeg,wildreceipt,train,348,348,46,True
wildreceipt/train/image_files/Image_39/16/6b3c83938c7a0bccacfdbab01e7199b6fa173e98.jpeg,wildreceipt,train,750,1000,28,True
wildreceipt/train/image_files/Image_57/20/2460.jpeg,wildreceipt,train,966,2081,50,True
wildreceipt/train/image_files/Image_54/2/2315.jpeg,wildreceipt,train,348,348,32,True
wildreceipt/train/image_files/Image_32/15/09caccbfb26a6912e53803eeac63ca1e4c32ee15.jpeg,wildreceipt,train,338,450,45,True
wildreceipt/train/image_files/Image_86/8/8e2e4616f89ef8627951979bbc998debf9e7236c.jpeg,wildreceipt,train,348,348,54,True
wildreceipt/train/image_files/Image_15/11/4b5bd62d68ceb0142c0003536dde57e24bd077c5.jpeg,wildreceipt,train,299,450,33,True
wildreceipt/train/image_files/Image_24/13/7d7af605dcd6ef030a59e01cf2c7e62b651fba28.jpeg,wildreceipt,train,764,1024,46,True
wildreceipt/train/image_files/Image_43/17/44338b294f14a67437f67efca1b2610b48697cd1.jpeg,wildreceipt,train,338,450,31,True
wildreceipt/train/image_files/Image_22/13/2c418be59a5028ce4b836f0c544008eac545c651.jpeg,wildreceipt,train,640,640,27,True
wildreceipt/train/image_files/Image_54/2/5c263e372424561ac64764baae2b3f3336eb8711.jpeg,wildreceipt,train,1210,1210,56,True
wildreceipt/train/image_files/Image_80/7/55be5037343461b1390d30992d811ef7d262ea4e.jpeg,wildreceipt,validation,1000,1781,73,True
wildreceipt/train/image_files/Image_27/14/2cff05594b9ea50a16bc0d762d31827dbeacbed2.jpeg,wildreceipt,train,950,1255,32,True
wildreceipt/train/image_files/Image_90/9/8d77ea3f452408562c275330bf2f9269e10e00f9.jpeg,wildreceipt,train,768,1024,52,True
wildreceipt/train/image_files/Image_43/17/841.jpeg,wildreceipt,train,1200,1600,41,True
wildreceipt/train/image_files/Image_66/4/72d4d98efaa01c1da6d8a447c5d75c478311e22b.jpeg,wildreceipt,train,480,640,30,True
wildreceipt/train/image_files/Image_66/4/5969dd2cf2da7872765c4b09c4a37c0f90f05deb.jpeg,wildreceipt,validation,750,1000,37,True
wildreceipt/train/image_files/Image_33/15/4eaa6fcf3fbea68ac75fdfa29ca7c2fd940ff506.jpeg,wildreceipt,train,846,2017,131,True
wildreceipt/train/image_files/Image_91/9/de782d9aa5d491d9e5e52410e090c4adbf05d979.jpeg,wildreceipt,validation,337,450,25,True
wildreceipt/train/image_files/Image_49/19/2205.jpeg,wildreceipt,train,348,348,27,True
wildreceipt/train/image_files/Image_7/1/479ba5e3839ed6fd9945b108bebaa14293dd141e.jpeg,wildreceipt,validation,338,450,43,True
wildreceipt/train/image_files/Image_9/1/f5e8bb4126deb00a1f2adf597471a78b9de3350e.jpeg,wildreceipt,train,338,450,34,True
wildreceipt/train/image_files/Image_79/7/387.jpeg,wildreceipt,validation,570,238,26,True
wildreceipt/train/image_files/Image_85/8/4d0b6b4cff099990041480caeeeb5a70a0f49029.jpeg,wildreceipt,train,931,1569,71,True
wildreceipt/train/image_files/Image_90/9/6f1ac56789061ec015644eb394d469b70b624488.jpeg,wildreceipt,validation,348,348,28,True
wildreceipt/train/image_files/Image_42/17/3373.jpeg,wildreceipt,train,336,450,55,True
wildreceipt/train/image_files/Image_84/8/3587.jpeg,wildreceipt,validation,1952,3264,91,True
wildreceipt/train/image_files/Image_73/5/f74d7e85d7affffd9e7e2b9e2ad83b00cf206872.jpeg,wildreceipt,validation,474,671,33,True
wildreceipt/train/image_files/Image_65/4/40c95a9b014852aeb37cc8808cb7c75670bd446e.jpeg,wildreceipt,train,640,480,60,True
wildreceipt/train/image_files/Image_85/8/59f4ec7005b72baf173a55340a411bf56b430205.jpeg,wildreceipt,train,750,1000,36,True
wildreceipt/train/image_files/Image_84/8/39f3232626851371281edd0d8edfa9c6e66f8fc0.jpeg,wildreceipt,train,350,467,39,True
wildreceipt/train/image_files/Image_53/2/09fbc41d79dcad86a8d00329e492e7bbfcca7912.jpeg,wildreceipt,validation,253,450,37,True
wildreceipt/train/image_files/Image_72/5/9a6ac16786295c44c36de663de9a7da9b302b6c9.jpeg,wildreceipt,validation,935,1390,88,True
wildreceipt/train/image_files/Image_56/2/f820a6e6a71b833110f25beb5601442b986a737e.jpeg,wildreceipt,validation,168,168,50,True
wildreceipt/train/image_files/Image_28/14/3906.jpeg,wildreceipt,train,348,348,40,True
wildreceipt/train/image_files/Image_9/1/df68eb5348354e56ea6ccf0373f5792b065f84ea.jpeg,wildreceipt,train,1600,1327,29,True
wildreceipt/train/image_files/Image_90/9/7585bd472ba8fd12850c616cc969d6532ed95d57.jpeg,wildreceipt,train,338,450,46,True
wildreceipt/train/image_files/Image_37/16/14.jpeg,wildreceipt,train,491,1092,71,True
wildreceipt/train/image_files/Image_3/0/af1cbc3ed8e41e31d2e59e8a4264f880c9a34e38.jpeg,wildreceipt,train,348,348,37,True
wildreceipt/train/image_files/Image_12/10/71cf46a7ecd49018f87f3386631759c636496e63.jpeg,wildreceipt,train,600,800,37,True
wildreceipt/train/image_files/Image_63/3/bab7f32dd14f2b0e99c92d77380fd143afee25d7.jpeg,wildreceipt,train,348,348,36,True
wildreceipt/train/image_files/Image_24/13/b4aaa4170ce63507f776dd794d2da8942126e474.jpeg,wildreceipt,train,634,621,32,True
wildreceipt/train/image_files/Image_4/0/e74ca8204d2e43e5f9b509fcd8c716ca752853e5.jpeg,wildreceipt,train,338,450,30,True
wildreceipt/train/image_files/Image_62/3/4be848b6e453537ffa1ce1142d745bc4ac8a3c9c.jpeg,wildreceipt,train,338,450,36,True
wildreceipt/train/image_files/Image_90/9/8643c3c0072748c328cccaa1fec6e656d9e8d0db.jpeg,wildreceipt,train,253,450,52,True
wildreceipt/train/image_files/Image_3/0/b97de68b1e3de321b8686e8ffa14946a9d8a039e.jpeg,wildreceipt,train,616,1088,46,True
wildreceipt/train/image_files/Image_50/19/4455.jpeg,wildreceipt,validation,478,640,36,True
wildreceipt/train/image_files/Image_45/18/11c5de62eb0261f711e8009e6d94abaa93fa708a.jpeg,wildreceipt,train,338,450,60,True
wildreceipt/train/image_files/Image_15/11/682b8c906aec81fee9bca064862e73f2a7c769eb.jpeg,wildreceipt,validation,450,450,35,True
wildreceipt/train/image_files/Image_34/15/79c43cefd79e3acb33728fe87a840f7611083fde.jpeg,wildreceipt,train,348,348,25,True
wildreceipt/train/image_files/Image_34/15/5de6358b757e1cf4c3de78096cfe36e433e6de54.jpeg,wildreceipt,validation,360,944,189,True
wildreceipt/train/image_files/Image_17/12/05d44310d6b6bf7d57e30d218af5e3b513342d31.jpeg,wildreceipt,train,550,733,49,True
wildreceipt/train/image_files/Image_47/18/5ad79bc3a10669a02d273a29bacc3bd2c0833804.jpeg,wildreceipt,train,348,348,22,True
wildreceipt/train/image_files/Image_68/4/ea9de309d7d325f9576d3d84cd22cb0660b5c6e3.jpeg,wildreceipt,train,304,450,53,True
wildreceipt/train/image_files/Image_65/4/506cfcab88244943fbb6fb384cc4d8afa25d0584.jpeg,wildreceipt,train,348,348,27,True
wildreceipt/train/image_files/Image_51/19/7afdfdd04561d83e1a20f2bc5852d5c09d90407a.jpeg,wildreceipt,train,338,450,32,True
wildreceipt/train/image_files/Image_46/18/2879.jpeg,wildreceipt,train,348,348,28,True
wildreceipt/train/image_files/Image_66/4/60ac13382898f684b4855659fa89bb50a3732ecd.jpeg,wildreceipt,validation,334,450,48,True
wildreceipt/train/image_files/Image_61/3/208ae03cdb6c2e0d77ff1d4dc7f2c96965121991.jpeg,wildreceipt,train,340,450,69,True
wildreceipt/train/image_files/Image_14/11/48a658a325e2879cc2e0856c653105f9fdab7645.jpeg,wildreceipt,train,338,450,41,True
wildreceipt/train/image_files/Image_70/5/2c9c08f42a0614fb7711867f99423b00ab7875d1.jpeg,wildreceipt,train,253,450,47,True
wildreceipt/train/image_files/Image_79/7/29338bad0d2dd538c8fb1dff611860d3467e93e9.jpeg,wildreceipt,train,338,450,30,True
wildreceipt/train/image_files/Image_29/14/68d5c9a16e5589bce39f4350eb126e68a32d18c1.jpeg,wildreceipt,train,336,450,46,True
wildreceipt/train/image_files/Image_88/9/1a277bf66454165d0c12088896c855b96bedd2c6.jpeg,wildreceipt,train,338,450,33,True
wildreceipt/train/image_files/Image_19/12/570ab3f816a6e0bf2344ff5cbf130838ff8c8838.jpeg,wildreceipt,train,1200,1600,38,True
wildreceipt/train/image_files/Image_55/2/70c35455bed16d870cf42ad7e9c29362d2cf8a78.jpeg,wildreceipt,train,768,1024,40,True
wildreceipt/train/image_files/Image_43/17/425fd7774ece694f8e526f6cd84cb56333d6371e.jpeg,wildreceipt,train,250,250,24,True
wildreceipt/train/image_files/Image_28/14/36a3f1b01b779a6b90f80d2bce580961f4183487.jpeg,wildreceipt,validation,2322,4128,51,True
wildreceipt/train/image_files/Image_11/10/501d7b6b6468b3d99d4e6ce480ecd676edcb098c.jpeg,wildreceipt,validation,900,1200,56,True
wildreceipt/train/image_files/Image_7/1/59704fac02f49468b031cbc0fb8a14eb696fd261.jpeg,wildreceipt,validation,500,667,33,True
wildreceipt/train/image_files/Image_78/7/073d3a684b7215062e026bf59c69c4b5933a8b6e.jpeg,wildreceipt,train,1536,2048,34,True
wildreceipt/train/image_files/Image_55/2/79693d11868467d36f1fd0dfeed420aa64800ea3.jpeg,wildreceipt,train,600,430,21,True
wildreceipt/train/image_files/Image_60/20/fd3ffc7609dfe05ae1e0bfcccfd2b50f7fa9d6ef.jpeg,wildreceipt,train,330,450,100,True
wildreceipt/train/image_files/Image_81/7/a998039bf199636968e23e33ee3d95d0d2cd0d04.jpeg,wildreceipt,validation,338,450,43,True
wildreceipt/train/image_files/Image_82/7/b6524af3349736bbbb4c135b93389e031f7d5019.jpeg,wildreceipt,train,450,1021,150,True
wildreceipt/train/image_files/Image_47/18/73b3503ee99eb0cc1f5d2a4d934a487c93b29d58.jpeg,wildreceipt,train,768,1024,27,True
wildreceipt/train/image_files/Image_67/4/af22590f5d798716dfe6d0be6f301bf4d7abb497.jpeg,wildreceipt,train,337,450,31,True
wildreceipt/train/image_files/Image_35/15/af51342e1d79fa83e3ca622949119c18662ea029.jpeg,wildreceipt,train,253,450,101,True
wildreceipt/train/image_files/Image_76/6/9992bfe82772ad9be5bbeca902eb08d3d7b37e4a.jpeg,wildreceipt,train,2448,3264,30,True
wildreceipt/train/image_files/Image_44/17/af72cbf7b8c895704f1476f5bf8e4719bf618091.jpeg,wildreceipt,train,338,450,35,True
wildreceipt/train/image_files/Image_85/8/5f60b0876ca6022eda2c1ac292c3b0e87267d702.jpeg,wildreceipt,train,252,450,46,True
wildreceipt/train/image_files/Image_39/16/771a695a7e93e0825a2deeed68e89d0505e9b22c.jpeg,wildreceipt,train,338,450,43,True
wildreceipt/train/image_files/Image_82/7/bf32fc2cd818a017907d8d7eaa37ebff094bdaa8.jpeg,wildreceipt,train,1200,1600,78,True
wildreceipt/train/image_files/Image_48/18/89e5b59e9b1806dc453e3af5c37a1f6747cb8ddc.jpeg,wildreceipt,validation,348,348,31,True
wildreceipt/train/image_files/Image_20/12/7459ef868dc88f271861da5e40fa6ae97406e3ec.jpeg,wildreceipt,train,337,450,34,True
wildreceipt/train/image_files/Image_21/12/da2f65ef9cac268e455f53cd978a7c4de15ca301.jpeg,wildreceipt,train,338,450,41,True
wildreceipt/train/image_files/Image_73/5/c8cdc83f2e854929a7180c1c5c8b7d537e386bcf.jpeg,wildreceipt,train,640,853,46,True
wildreceipt/train/image_files/Image_58/20/4302.jpeg,wildreceipt,validation,634,613,31,True
wildreceipt/train/image_files/Image_73/5/e276527f8ad2bcc744d41a9dec507d5698ab7ef9.jpeg,wildreceipt,train,250,250,31,True
wildreceipt/train/image_files/Image_5/0/fbc251625cc78cb072460ea1000bf3bf228e8432.jpeg,wildreceipt,validation,462,865,130,True
wildreceipt/train/image_files/Image_27/14/297.jpeg,wildreceipt,train,638,629,19,True
wildreceipt/train/image_files/Image_3/0/bbe4e2aa18c56bde9768b471799315ad5ddb4ed4.jpeg,wildreceipt,train,348,348,26,True
wildreceipt/train/image_files/Image_24/13/877548dcdc6d35df7d5c4bea7a85513d7a211e07.jpeg,wildreceipt,train,750,1000,53,True
wildreceipt/train/image_files/Image_3/0/9d1342e3b642044b1414f72b62a370722a720a3d.jpeg,wildreceipt,train,600,801,67,True
wildreceipt/train/image_files/Image_86/8/a991283a15f26f8de4775eb8517e37f9dafe6072.jpeg,wildreceipt,train,450,450,37,True
wildreceipt/train/image_files/Image_34/15/6b72f03620a708ba3f2f82f9e35a6aad1b02e087.jpeg,wildreceipt,train,337,450,35,True
wildreceipt/train/image_files/Image_78/7/1ba6e2a161c3ccc234be68946c62edcc61a754ee.jpeg,wildreceipt,validation,1224,1632,75,True
wildreceipt/train/image_files/Image_38/16/42251cc6fe0f5934696d230f902599eb8e57e993.jpeg,wildreceipt,train,337,450,76,True
wildreceipt/train/image_files/Image_86/8/b3110275501898d430ce6aa433d441759a31f9c4.jpeg,wildreceipt,train,338,450,33,True
wildreceipt/train/image_files/Image_1/0/3d2ab4b7af209cc3949996aeae42ab2e87e3b2e5.jpeg,wildreceipt,train,338,450,23,True
wildreceipt/train/image_files/Image_68/4/f8e2b0eee54c29609ae32b4ec6aa3546b3d8168a.jpeg,wildreceipt,train,338,450,78,True
wildreceipt/train/image_files/Image_8/1/7458348932378a9e0043835280ec57a4b4e4fb10.jpeg,wildreceipt,train,253,450,21,True
wildreceipt/train/image_files/Image_16/11/b4d9975e9c49f5d83ac057054b864c3991b0042f.jpeg,wildreceipt,validation,348,348,38,True
wildreceipt/train/image_files/Image_72/5/abc5b2be34888bfa22c72e23b6c0f60205e371e9.jpeg,wildreceipt,validation,576,960,52,True
wildreceipt/train/image_files/Image_20/12/7337d52e5b1fc94af1fe742b40ec802cbd78e4b5.jpeg,wildreceipt,train,2448,3264,71,True
wildreceipt/train/image_files/Image_6/1/1978.jpeg,wildreceipt,train,747,1000,63,True
wildreceipt/train/image_files/Image_73/6/0290e83d45f21b7b6da311376b7ef76ac8bb58cc.jpeg,wildreceipt,train,897,1200,21,True
wildreceipt/train/image_files/Image_51/19/78deffd7110cf1c08af3f11b5a0541b3b4e19c5f.jpeg,wildreceipt,train,571,1200,50,True
wildreceipt/train/image_files/Image_9/1/c76f8dffefe503f482a6afcfb8a7b5f16032dba6.jpeg,wildreceipt,train,580,580,28,True
wildreceipt/train/image_files/Image_64/3/efa759a857d2e3620775f4c9df1116f229a3d19f.jpeg,wildreceipt,train,338,450,45,True
wildreceipt/train/image_files/Image_27/14/20d680d8601585802195e42a6b611bec666ea852.jpeg,wildreceipt,validation,298,300,27,True
wildreceipt/train/image_files/Image_27/14/36423f0dfee106e4f267867b4464c7ed05f08424.jpeg,wildreceipt,train,375,500,32,True
wildreceipt/train/image_files/Image_44/17/a719734413275ad0e3d53232b7296a1fab6150e9.jpeg,wildreceipt,train,1920,2560,37,True
wildreceipt/train/image_files/Image_50/19/404a6057223a31f67f654d21d44e144a1fb781a0.jpeg,wildreceipt,train,675,900,44,True
wildreceipt/train/image_files/Image_59/20/9e8dc8babece30e0f8262746baca44ddfe8287b3.jpeg,wildreceipt,train,338,450,41,True
wildreceipt/train/image_files/Image_4/0/d491d0f6bb960c2307202b6420392c53c830cc81.jpeg,wildreceipt,train,250,250,35,True
wildreceipt/train/image_files/Image_75/6/5a349de7d05abe80943de558e67d45ea31918ed5.jpeg,wildreceipt,train,253,450,47,True
wildreceipt/train/image_files/Image_71/5/69c5643c613b6d87b057682135a1d9015effd9d2.jpeg,wildreceipt,train,338,450,29,True
wildreceipt/train/image_files/Image_21/12/e22a10bfc3f530b0be5bbbaecc5fe5cc7598b971.jpeg,wildreceipt,train,750,1000,42,True
wildreceipt/train/image_files/Image_83/8/192ede0f2e641d3e3e436baa4d83744b9c00ee6a.jpeg,wildreceipt,train,500,863,66,True
wildreceipt/train/image_files/Image_53/2/1ed5b2cd1b24d2a94e763512de6bf406b31b7f98.jpeg,wildreceipt,validation,338,450,29,True
wildreceipt/train/image_files/Image_42/17/2bf5d2eff625cbd3aa0de308f22ab2735b248b66.jpeg,wildreceipt,train,3911,2933,44,True
wildreceipt/train/image_files/Image_22/13/2009919dd1534713536fbd1ab82a8128fa7dd986.jpeg,wildreceipt,validation,412,550,37,True
wildreceipt/train/image_files/Image_72/5/ab181c9210739ecfada0336a2ca6162be18be743.jpeg,wildreceipt,train,640,853,43,True
wildreceipt/train/image_files/Image_23/13/4166.jpeg,wildreceipt,train,480,640,35,True
wildreceipt/train/image_files/Image_83/8/2053.jpeg,wildreceipt,validation,348,348,35,True
wildreceipt/train/image_files/Image_73/5/d30b89125a7c9595db132d590c27a532e6d3ef7a.jpeg,wildreceipt,validation,1000,1000,45,True
wildreceipt/train/image_files/Image_33/15/4401.jpeg,wildreceipt,validation,500,388,28,True
wildreceipt/train/image_files/Image_85/8/52cfb13d17a1dd9c5d764b0b52c95c167c1d3640.jpeg,wildreceipt,train,338,450,36,True
wildreceipt/train/image_files/Image_68/4/f859f1e441fcf7c2a15d3f9010d01ad3f20dba2c.jpeg,wildreceipt,train,250,250,27,True
wildreceipt/train/image_files/Image_85/8/6b68629cfdbc45df5e19782e789fa1b0f5aa460a.jpeg,wildreceipt,train,254,450,43,True
wildreceipt/train/image_files/Image_48/18/81f0a545a2631dd9d74e22b7f0641375a3ab7ffa.jpeg,wildreceipt,train,338,450,26,True
wildreceipt/train/image_files/Image_4/0/e580559e9b37edefea912d46c9051b30305a9602.jpeg,wildreceipt,train,350,768,65,True
wildreceipt/train/image_files/Image_56/2/e5114eee54549631d78616e9b6f8b0e8691df35b.jpeg,wildreceipt,train,253,450,50,True
wildreceipt/train/image_files/Image_40/16/b564260e738b875b4169e7a5102ad3af934c6d22.jpeg,wildreceipt,validation,338,450,28,True
wildreceipt/train/image_files/Image_73/5/f0c0a70f0a46701727479f0c06929db75f697931.jpeg,wildreceipt,train,626,626,41,True
wildreceipt/train/image_files/Image_48/18/bd3ee19aab6299a915a0d91230cb45d3a5f644ae.jpeg,wildreceipt,train,250,416,33,True
wildreceipt/train/image_files/Image_63/3/8cbcc76af6e2ddcc0ff80e97eca19e91f94dbc77.jpeg,wildreceipt,train,750,1000,49,True
wildreceipt/train/image_files/Image_31/14/c56e3d5d85f219122087d47f6e915b5c30f0143d.jpeg,wildreceipt,validation,600,803,45,True
wildreceipt/train/image_files/Image_88/9/1a7d0fc850a4f599b5d828acec124178f8e2be90.jpeg,wildreceipt,train,348,348,29,True
wildreceipt/train/image_files/Image_6/1/206.jpeg,wildreceipt,train,640,480,41,True
wildreceipt/train/image_files/Image_69/5/1788.jpeg,wildreceipt,train,640,480,37,True
wildreceipt/train/image_files/Image_10/10/217421bd6992d0a10a2e3fa0555827a023134466.jpeg,wildreceipt,train,306,382,29,True
wildreceipt/train/image_files/Image_62/3/4262225eee25dd4eaa84200ee012da85eeeb02da.jpeg,wildreceipt,train,246,281,30,True
wildreceipt/train/image_files/Image_20/12/ba630e19668d028345c24374c0a9d80e4ffcfda4.jpeg,wildreceipt,train,403,634,35,True
wildreceipt/train/image_files/Image_55/2/c9d358a54cc40f98cc50b9f3fbb59c7ed04bcebf.jpeg,wildreceipt,train,311,450,37,True
wildreceipt/train/image_files/Image_45/17/dd8fe344a15da8123aae1c298f06a15eb75cd890.jpeg,wildreceipt,train,225,450,46,True
wildreceipt/train/image_files/Image_76/6/77b587ba2d187b136e18ecd894af8019aca56595.jpeg,wildreceipt,train,337,450,60,True
wildreceipt/train/image_files/Image_55/2/978b05e7abdee531370d84ba4198e3988bf5fcb7.jpeg,wildreceipt,train,337,450,39,True
wildreceipt/train/image_files/Image_2/0/84d2de82bf37e5cddfe989d896faefd6659f73f3.jpeg,wildreceipt,train,2448,3264,26,True
wildreceipt/train/image_files/Image_10/10/31d79102f2f2aec863d9fc6391ed6a913cfecd89.jpeg,wildreceipt,train,337,450,30,True
wildreceipt/train/image_files/Image_2/0/64786ff44274694a1bbee51016176439a6ba6fc6.jpeg,wildreceipt,train,634,1127,42,True
wildreceipt/train/image_files/Image_12/10/8a76c125f0143d88256b132dafee6e48f11c6468.jpeg,wildreceipt,train,306,442,60,True
wildreceipt/train/image_files/Image_48/18/7b39ceaf291a7e99a616f1acebc0acac3c3752e9.jpeg,wildreceipt,train,337,450,41,True
wildreceipt/train/image_files/Image_61/3/1b8c3062291f890d7d03b1b5fd1b9c25f4343ffe.jpeg,wildreceipt,train,480,640,32,True
wildreceipt/train/image_files/Image_51/19/7be9882430cb8ed663557131fb6b87ecd784e0b9.jpeg,wildreceipt,train,250,250,31,True
wildreceipt/train/image_files/Image_88/9/098e8e2ba65bd081ee962421cc79e00744b51921.jpeg,wildreceipt,validation,768,1024,68,True
wildreceipt/train/image_files/Image_84/8/3544.jpeg,wildreceipt,train,348,348,25,True
wildreceipt/train/image_files/Image_12/10/6d5fe992185aab6e00df44a40bcee24c69bd2582.jpeg,wildreceipt,train,351,450,44,True
wildreceipt/train/image_files/Image_31/14/ec796af59d0fcaf6264943ca410ede5c04a6467a.jpeg,wildreceipt,train,250,250,26,True
wildreceipt/train/image_files/Image_49/19/14549a21ec0fb302ea3665a81d7eef894bde06ce.jpeg,wildreceipt,train,300,446,80,True
wildreceipt/train/image_files/Image_83/8/2431.jpeg,wildreceipt,validation,740,553,22,True
wildreceipt/train/image_files/Image_60/20/f94e50ad8c7f21e9fd742370e6ce76f26711092f.jpeg,wildreceipt,train,750,1000,35,True
wildreceipt/train/image_files/Image_51/19/623690aad81bb7168037db39dced368f68e2d165.jpeg,wildreceipt,train,396,699,90,True
wildreceipt/train/image_files/Image_63/3/9126944d592b71d46d627eca1edde283aa934bbd.jpeg,wildreceipt,train,250,250,31,True
wildreceipt/train/image_files/Image_16/11/b5fb70211f0c3651efdc33161528fb387b6e8c58.jpeg,wildreceipt,train,1080,1920,44,True
wildreceipt/train/image_files/Image_7/1/494a49f6d7c93bd4fc1dce5140d2b875816c3c28.jpeg,wildreceipt,train,338,450,44,True
wildreceipt/train/image_files/Image_79/7/3383.jpeg,wildreceipt,train,306,423,42,True
wildreceipt/train/image_files/Image_76/6/971cc466fe9f8083fc08b7fc2c60d76e3828804d.jpeg,wildreceipt,train,337,450,48,True
wildreceipt/train/image_files/Image_12/10/9bcf7d8a8ae8bdfff3ad786ad8c4d2d90a841078.jpeg,wildreceipt,train,720,960,42,True
wildreceipt/train/image_files/Image_68/4/bdeafa9398dfd66e2b14692c1ef80ec941cde81c.jpeg,wildreceipt,train,294,450,56,True
wildreceipt/train/image_files/Image_79/7/3414.jpeg,wildreceipt,train,1195,1600,46,True
wildreceipt/train/image_files/Image_55/2/c65c19721616024cc29e6a1a81250fc8cee4f5bd.jpeg,wildreceipt,train,800,884,20,True
wildreceipt/train/image_files/Image_57/20/29278b4f32364c9be5613a8ff2a39763ce628166.jpeg,wildreceipt,train,338,450,47,True
wildreceipt/train/image_files/Image_86/8/81f13c03c0da2777d0fc1f6764c0405a1519f0d3.jpeg,wildreceipt,train,674,850,53,True
wildreceipt/train/image_files/Image_72/5/ac6caff45d540323d7e32de27a5685553114522c.jpeg,wildreceipt,train,649,865,24,True
wildreceipt/train/image_files/Image_22/13/26aeccce362eac61ea171ae991b2328de7791fd8.jpeg,wildreceipt,train,450,450,43,True
wildreceipt/train/image_files/Image_38/16/5651d6367d0031b22e2bb7c352681b8f916f026d.jpeg,wildreceipt,train,963,1024,16,True
wildreceipt/train/image_files/Image_53/2/1810.jpeg,wildreceipt,train,750,1000,45,True
wildreceipt/train/image_files/Image_24/13/6cfd5b296e83d7764763504d134975e109e62ce3.jpeg,wildreceipt,train,750,1000,26,True
wildreceipt/train/image_files/Image_30/14/9853c853fa47cfed79b25cdcf2df05fe6b6e703d.jpeg,wildreceipt,train,550,733,54,True
wildreceipt/train/image_files/Image_77/6/a9b992a0dea6b6b85e4cd0031024662ea4567dfb.jpeg,wildreceipt,train,253,450,41,True
wildreceipt/train/image_files/Image_3/0/a7dd6509a2d4d220e9492a6ee07547509c6987d1.jpeg,wildreceipt,train,650,1000,41,True
wildreceipt/train/image_files/Image_83/8/0ed1d367ccad48a7574febb2fec0de4a6c1f5a08.jpeg,wildreceipt,train,2448,3264,62,True
wildreceipt/train/image_files/Image_48/18/be3c6eb716bc1fd03a4241c09e28fb0669b8b9e3.jpeg,wildreceipt,train,450,450,53,True
wildreceipt/train/image_files/Image_90/9/a228b1751c7e5897566861690284681a7dc69c5b.jpeg,wildreceipt,train,569,800,48,True
wildreceipt/train/image_files/Image_83/8/2183.jpeg,wildreceipt,train,640,640,21,True
wildreceipt/train/image_files/Image_42/17/2709.jpeg,wildreceipt,validation,348,348,37,True
wildreceipt/train/image_files/Image_63/3/952ca75f2e550c3e456ed9d6a2f34368a9da339d.jpeg,wildreceipt,train,348,348,29,True
wildreceipt/train/image_files/Image_78/7/2748.jpeg,wildreceipt,train,348,348,28,True
wildreceipt/train/image_files/Image_12/10/9fb3f023acdc1d1b2e17962535f4869b99fe5ca4.jpeg,wildreceipt,train,960,837,30,True
wildreceipt/train/image_files/Image_17/11/e1d13c1216492dd618defd7a560d5b94e975dd74.jpeg,wildreceipt,train,250,250,22,True
wildreceipt/train/image_files/Image_61/3/25fefe0486934d255be448eb986ede6180bdc8f4.jpeg,wildreceipt,train,338,450,38,True
wildreceipt/train/image_files/Image_56/2/e9859de6e49ea80e7f182f5387e9c47d0aac4500.jpeg,wildreceipt,train,338,450,44,True
wildreceipt/train/image_files/Image_39/16/7694f91296d6a20bdd9e66d549bc3ab9f838e939.jpeg,wildreceipt,train,768,800,24,True
wildreceipt/train/image_files/Image_34/15/8e1abf0dbc2c7e8f1aa81273796bcdb995ecb7ac.jpeg,wildreceipt,train,634,753,18,True
wildreceipt/train/image_files/Image_40/16/beeeaf89f7a1707f72411441d745269ba9889bd2.jpeg,wildreceipt,train,750,1000,45,True
wildreceipt/train/image_files/Image_37/16/055b77c799a9db702da239e22849db22f3d07c6c.jpeg,wildreceipt,train,1440,1906,39,True
wildreceipt/train/image_files/Image_85/8/56.jpeg,wildreceipt,train,300,400,39,True
wildreceipt/train/image_files/Image_23/13/5aab13bd8cc6bde9d8ed3b110774c3e20a1b2ae3.jpeg,wildreceipt,train,450,450,28,True
wildreceipt/train/image_files/Image_54/2/6a31412ee250d6a82a030c1f39afe502fd656229.jpeg,wildreceipt,train,1200,1600,57,True
wildreceipt/train/image_files/Image_68/4/db930ff17ef83c67e26d2583cd60fe5f726d75f4.jpeg,wildreceipt,train,338,450,51,True
wildreceipt/train/image_files/Image_53/2/0216b564023bf6ef1aaa10ebc4b27272ae3dd999.jpeg,wildreceipt,train,348,348,34,True
wildreceipt/train/image_files/Image_67/4/81b05ed745106771eed37209dda41dc010f283ba.jpeg,wildreceipt,train,348,348,44,True
wildreceipt/train/image_files/Image_67/4/8ff5c8b1313dea2ec71763c5371be8c70a2dd659.jpeg,wildreceipt,train,236,450,47,True
wildreceipt/train/image_files/Image_84/8/46fd96b62c987fc4cf1a13538de8a132dbfac0a1.jpeg,wildreceipt,validation,450,450,45,True
wildreceipt/train/image_files/Image_90/9/68e509c94724e46e518fc80188cfe1359e47c157.jpeg,wildreceipt,train,348,348,22,True
wildreceipt/train/image_files/Image_17/11/e35803b6eaf75be5bec3b7b9d6c09dc7edf7e198.jpeg,wildreceipt,train,348,348,33,True
wildreceipt/train/image_files/Image_83/7/edc02206454553b27326f3290eb9d7f67b311ff5.jpeg,wildreceipt,validation,3024,4032,33,True
wildreceipt/train/image_files/Image_37/16/071df3f6f54f2517b8d591dd944e7b68fa3a0985.jpeg,wildreceipt,train,945,1689,31,True
wildreceipt/train/image_files/Image_6/1/28415068e7e0d4037b29430b305e084295f4e03e.jpeg,wildreceipt,validation,2021,1347,52,True
wildreceipt/train/image_files/Image_69/5/1a72e29026225ac84bb9f00ae191a0fb3ae557cd.jpeg,wildreceipt,train,348,348,33,True
wildreceipt/train/image_files/Image_13/10/e5cca737ecf29f0541ddf6a89ae8216aa952e1c7.jpeg,wildreceipt,validation,348,348,38,True
wildreceipt/train/image_files/Image_10/10/2099f8b82dfdff720358e5a7886287d29ad33483.jpeg,wildreceipt,validation,348,348,31,True
wildreceipt/train/image_files/Image_47/18/79f5a2e2d0863de5c7ccab9ec20159107f8e0426.jpeg,wildreceipt,train,768,1024,50,True
wildreceipt/train/image_files/Image_67/4/9003ab4011166f0917e31ec058b5f13c98226324.jpeg,wildreceipt,train,300,400,48,True
wildreceipt/train/image_files/Image_58/20/4be910cb916f3907e0a679da1bee26be24742bb7.jpeg,wildreceipt,train,334,450,53,True
wildreceipt/train/image_files/Image_35/15/d6542adeddcb8c67c551b5e74b9d00fec0d79edf.jpeg,wildreceipt,train,338,450,30,True
wildreceipt/train/image_files/Image_56/2/d961880ef8b62f844711f3e903b5c2ff2a770871.jpeg,wildreceipt,train,1080,1920,42,True
wildreceipt/train/image_files/Image_61/3/1b717396317fe0127d8bf4754a2fba4636825549.jpeg,wildreceipt,validation,253,450,53,True
wildreceipt/train/image_files/Image_48/18/84db17790cdc1a77105b91353a95e1f65775d281.jpeg,wildreceipt,train,337,450,41,True
wildreceipt/train/image_files/Image_76/6/9fced538645aefd17d5746c0e99ad2c11f659f7f.jpeg,wildreceipt,train,348,348,32,True
wildreceipt/train/image_files/Image_77/6/e13738438a5cd443c233c38c7231c37803e5623a.jpeg,wildreceipt,validation,337,450,60,True
wildreceipt/train/image_files/Image_59/20/c1ba0c75421fc43226ea408d9062a79094ea4372.jpeg,wildreceipt,train,750,1000,27,True
wildreceipt/train/image_files/Image_53/2/1849416fb8b3a59c2c66ea389e632e6a6c0803f4.jpeg,wildreceipt,train,348,348,33,True
wildreceipt/train/image_files/Image_17/12/161b77bfd0afc7a0b59725d8474afd4439459a71.jpeg,wildreceipt,train,348,348,32,True
wildreceipt/train/image_files/Image_66/4/68a9d90b23381de48179b5f8a94cf8c52e38121e.jpeg,wildreceipt,train,300,400,21,True
wildreceipt/train/image_files/Image_41/17/07a4b5f838e7260ccd66a0ad85d934f2691ffc6e.jpeg,wildreceipt,train,600,800,30,True
wildreceipt/train/image_files/Image_14/11/35bdd94f64f7ee7bfca64e576267c5fc0b9d3ca0.jpeg,wildreceipt,train,2560,1920,40,True
wildreceipt/train/image_files/Image_17/12/072422e84548045e6765265569074bc70e67c037.jpeg,wildreceipt,train,348,348,25,True
wildreceipt/train/image_files/Image_9/1/c63803e5d7f44fad692dcbb18555fd379c776911.jpeg,wildreceipt,validation,902,1600,114,True
wildreceipt/train/image_files/Image_37/16/214eaac97b4a3c678379e8bca96128b437b9880b.jpeg,wildreceipt,train,348,348,25,True
wildreceipt/train/image_files/Image_29/14/75e71557a192b2f566c9b933df3aeb4cd3fc26a1.jpeg,wildreceipt,validation,250,250,21,True
wildreceipt/train/image_files/Image_57/20/357.jpeg,wildreceipt,train,601,450,77,True
wildreceipt/train/image_files/Image_32/15/179a124c4286dc530fdcd4edc29efd9529e1bcc4.jpeg,wildreceipt,validation,750,1000,57,True
wildreceipt/train/image_files/Image_20/12/993be0e92f952ec76c3826e4802fe177302a47b1.jpeg,wildreceipt,train,338,450,31,True
wildreceipt/train/image_files/Image_17/12/1121fd0526220838c0fbace7b871ec631525cc1a.jpeg,wildreceipt,train,814,1000,31,True
wildreceipt/train/image_files/Image_79/7/37fb0abdc35bc1fc865d91c529ab8615c5434ae0.jpeg,wildreceipt,validation,600,600,43,True
wildreceipt/train/image_files/Image_91/9/eaf0e46187b448ce804405ed3392fc2925756187.jpeg,wildreceipt,train,234,450,43,True
wildreceipt/train/image_files/Image_48/18/fdf94fd7668bf3eda2661eaea0adc1278b731722.jpeg,wildreceipt,train,1024,768,40,True
wildreceipt/train/image_files/Image_29/14/5c23912d1f15386b7f946faab03d60727d995d7c.jpeg,wildreceipt,train,750,1000,77,True
wildreceipt/train/image_files/Image_76/6/983624103a8baf7599666850f0b79bc6b80db5d6.jpeg,wildreceipt,train,1936,2592,56,True
wildreceipt/train/image_files/Image_80/7/490b1d39b480655d91ae9d2bd4b6393781391aad.jpeg,wildreceipt,validation,600,688,38,True
wildreceipt/train/image_files/Image_40/16/afa61748ef431aecf2598221d6e78e27ff98c537.jpeg,wildreceipt,train,2480,3229,161,True
wildreceipt/train/image_files/Image_16/11/c8b2a168f53c220019254f350ea939de78a29afa.jpeg,wildreceipt,train,348,348,43,True
wildreceipt/train/image_files/Image_32/15/2574.jpeg,wildreceipt,train,338,450,37,True
wildreceipt/train/image_files/Image_18/12/23f50a156e6551a4ed432d6b917399a12312518d.jpeg,wildreceipt,train,583,863,17,True
wildreceipt/train/image_files/Image_88/9/2451ec436040910e0a286dcd2830dd62fda4090b.jpeg,wildreceipt,train,480,640,34,True
wildreceipt/train/image_files/Image_68/4/cb9bacdceb0af24be4387a52f6d6ad47bbed65ef.jpeg,wildreceipt,train,1195,1600,59,True
wildreceipt/train/image_files/Image_21/12/e46ec2e27618025efc4f51b20b4b3c5af9dc0bd3.jpeg,wildreceipt,train,252,450,51,True
wildreceipt/train/image_files/Image_42/17/20d9a562ebcee8840c23efbe5444e51165a86a0b.jpeg,wildreceipt,train,1247,1600,22,True
wildreceipt/train/image_files/Image_52/19/9afae0fb60f55d525daa7e98efec48533869a0a5.jpeg,wildreceipt,train,348,348,28,True
wildreceipt/train/image_files/Image_31/14/c211379e79bafa5f3f3df41667120f8abfd0d08b.jpeg,wildreceipt,train,348,348,38,True
wildreceipt/train/image_files/Image_13/10/ff86781d6ccf2f71560aef644ce2896b983d60f4.jpeg,wildreceipt,validation,338,450,29,True
wildreceipt/train/image_files/Image_15/11/86c9401c1e64630ae5fa511b763cb68cb1b97786.jpeg,wildreceipt,train,338,450,62,True
wildreceipt/train/image_files/Image_24/13/72d7b9b797d305ff228b30c5dc902ef6b52b5f5d.jpeg,wildreceipt,train,768,1024,62,True
wildreceipt/train/image_files/Image_8/1/957.jpeg,wildreceipt,train,337,450,50,True
wildreceipt/train/image_files/Image_27/14/202cb423ccd86a7b64f8997abc020be1dea5ee9d.jpeg,wildreceipt,train,337,450,27,True
wildreceipt/train/image_files/Image_85/8/745.jpeg,wildreceipt,validation,348,348,29,True
wildreceipt/train/image_files/Image_18/12/2d2ac20a0bb6446823ba8bf3b9ba84578b94c7e6.jpeg,wildreceipt,train,615,820,39,True
wildreceipt/train/image_files/Image_43/17/4378.jpeg,wildreceipt,train,1032,1528,61,True
wildreceipt/train/image_files/Image_73/5/f54a7c3bdef23e922c53a7708afe03bc82d6abde.jpeg,wildreceipt,train,338,450,31,True
wildreceipt/train/image_files/Image_83/8/0.jpeg,wildreceipt,train,968,1252,35,True
wildreceipt/train/image_files/Image_4/0/ea142e4c8659ecf3f975d3ae353fd84fa6fb76a7.jpeg,wildreceipt,train,968,1296,63,True
wildreceipt/train/image_files/Image_19/12/54f5ee4c0abf3c449b04bc7a6260dda9e3c6eb5c.jpeg,wildreceipt,validation,348,348,23,True
wildreceipt/train/image_files/Image_87/8/fe14e6e60cd33d2f70ea9c86017986e076279b37.jpeg,wildreceipt,validation,1032,1528,58,True
wildreceipt/train/image_files/Image_71/5/83e0b0de45cfce506f279cf071259b3cdc32ac13.jpeg,wildreceipt,validation,256,450,34,True
wildreceipt/train/image_files/Image_65/4/4106.jpeg,wildreceipt,train,250,250,30,True
wildreceipt/train/image_files/Image_61/3/163dfd1db8ee3ca37fe883b26c1d7df71d8c7739.jpeg,wildreceipt,train,400,299,23,True
wildreceipt/train/image_files/Image_9/1/c044078fcddb272c3f24adead9756b95bd363b89.jpeg,wildreceipt,train,348,348,26,True
wildreceipt/train/image_files/Image_56/20/015858b37d96d72e58262b00bf4d77a6a760071e.jpeg,wildreceipt,train,640,480,70,True
wildreceipt/train/image_files/Image_48/18/8d69e6181fc8a3019229850cf040e2708b477271.jpeg,wildreceipt,train,750,1000,65,True
wildreceipt/train/image_files/Image_2/0/8a30d7ff09c0e1e2ec9cd6dc2c7093856673576f.jpeg,wildreceipt,train,337,450,26,True
wildreceipt/train/image_files/Image_83/8/067301325dea9909776e72013c3fb92d8f0e0943.jpeg,wildreceipt,train,2073,2764,47,True
wildreceipt/train/image_files/Image_42/17/1149.jpeg,wildreceipt,validation,348,348,26,True
wildreceipt/train/image_files/Image_33/15/2c33dfd1f723846c479e37a9a2c28a460eaebf8b.jpeg,wildreceipt,train,591,1024,36,True
wildreceipt/train/image_files/Image_49/19/1876.jpeg,wildreceipt,train,640,480,24,True
wildreceipt/train/image_files/Image_40/16/a36478d3bb0ae9bfe870236fd8e1f9a8a9358ccf.jpeg,wildreceipt,train,960,1280,28,True
wildreceipt/train/image_files/Image_11/10/4377.jpeg,wildreceipt,train,1200,1600,29,True
wildreceipt/train/image_files/Image_88/9/2199.png,wildreceipt,validation,303,640,57,True
wildreceipt/train/image_files/Image_34/15/5d6e4c107f17af425ba4d0a17e233bd38d8d8b80.jpeg,wildreceipt,train,320,426,44,True
wildreceipt/train/image_files/Image_42/17/2524.jpeg,wildreceipt,train,1536,2048,27,True
wildreceipt/train/image_files/Image_59/20/7897fb41b50226883f47dab2e9d6d85a8c262051.jpeg,wildreceipt,train,338,450,38,True
wildreceipt/train/image_files/Image_18/12/3a3971a3b9c42398808b0a697f06f18ada08c358.jpeg,wildreceipt,train,873,1164,59,True
wildreceipt/train/image_files/Image_17/11/ebf13ac85f8c1838adb5c8afbf2a405c32b106c5.jpeg,wildreceipt,train,348,348,39,True
wildreceipt/train/image_files/Image_41/16/c86b2f252f3840115f19eb47a9b8c946e751467f.jpeg,wildreceipt,train,450,450,39,True
wildreceipt/train/image_files/Image_67/4/af46e44b1f58685fb2e0b88be9a74385b9179831.jpeg,wildreceipt,train,473,1024,39,True
wildreceipt/train/image_files/Image_11/10/59e132a534ccfe7f86d8833047404a84f3ee8f57.jpeg,wildreceipt,validation,250,250,19,True
wildreceipt/train/image_files/Image_34/15/824bbeb3420c141dbaed3c603713abcb1a303cb2.jpeg,wildreceipt,train,750,1000,59,True
wildreceipt/train/image_files/Image_64/4/217305971d0903b8d0eb76a86f1f6ab6a058131e.jpeg,wildreceipt,train,768,1024,32,True
wildreceipt/train/image_files/Image_5/0/f17d23f893c6e6fad2e28b78cf3471b834008631.jpeg,wildreceipt,train,1024,768,22,True
wildreceipt/train/image_files/Image_16/11/df37f7a3cd66af3ba9d257a82e2da6a6eb57fff5.jpeg,wildreceipt,train,588,1044,30,True
wildreceipt/train/image_files/Image_58/20/3944.jpeg,wildreceipt,validation,761,1267,30,True
wildreceipt/train/image_files/Image_33/15/4d0b566065281cb19ef36fcecc1199a4fc5e4336.jpeg,wildreceipt,validation,432,450,22,True
wildreceipt/train/image_files/Image_11/10/4dbb1f4f8227a9574659264d1cca7da2535e0db7.jpeg,wildreceipt,train,322,553,36,True
wildreceipt/train/image_files/Image_87/8/dbce8bcef66fe2fd7d1a64acd4e32d077caf267b.jpeg,wildreceipt,train,338,450,44,True
wildreceipt/train/image_files/Image_38/16/36d718072b7f6bf9958c0dc3883554068ea2eb91.jpeg,wildreceipt,train,348,348,60,True
wildreceipt/train/image_files/Image_46/18/28f2116a714455f42a4d7e48a937a1f36d24bd4e.jpeg,wildreceipt,train,600,600,14,True
wildreceipt/train/image_files/Image_42/17/35d190204a3026f92880590021aa25448b9e0e3b.jpeg,wildreceipt,train,338,450,42,True
wildreceipt/train/image_files/Image_2/0/963aafbdd26327e8260ff28fb2cb24fb1eb620b1.jpeg,wildreceipt,train,338,450,47,True
wildreceipt/train/image_files/Image_23/13/3f9e6d375a09374d51d29cd7f287a36378290eea.jpeg,wildreceipt,train,750,1000,38,True
wildreceipt/train/image_files/Image_12/10/7a2efee1ea9369d5c4336e97ceeeef96f669f21e.jpeg,wildreceipt,train,2448,3264,45,True
wildreceipt/train/image_files/Image_49/19/03a0889087ab647ddf6afeee338a8c7f9becc0c4.jpeg,wildreceipt,train,1631,2468,67,True
wildreceipt/train/image_files/Image_6/1/1ca47460644df0e88f7ba08d3445e3be1d764641.jpeg,wildreceipt,train,634,634,31,True
wildreceipt/train/image_files/Image_89/9/332241f895da7b9f6f5105972fddd334143f4e73.jpeg,wildreceipt,validation,1920,2560,93,True
wildreceipt/train/image_files/Image_27/14/2831.jpeg,wildreceipt,train,150,329,72,True
wildreceipt/train/image_files/Image_41/16/f5170741f5425bfce470928415fa10957e1f045f.jpeg,wildreceipt,train,750,1000,32,True
wildreceipt/train/image_files/Image_60/20/dcc0b3f7f7573f3758ac87ead26eb1f7f06acaa1.jpeg,wildreceipt,validation,338,450,38,True
wildreceipt/train/image_files/Image_53/19/fcf273995e5d87d075c630075fa3dcd849539442.jpeg,wildreceipt,train,337,450,34,True
wildreceipt/train/image_files/Image_72/5/c1fc7adb08e915bcb9d694163181f9cec5604814.jpeg,wildreceipt,train,1200,1600,48,True
wildreceipt/train/image_files/Image_59/20/7a14db504e93e99d248f400f1a83a19a68e074cb.jpeg,wildreceipt,train,750,1000,28,True
wildreceipt/train/image_files/Image_87/8/e439285867973d5f7d0daff5c08a52f12bdb522a.jpeg,wildreceipt,train,338,450,28,True
wildreceipt/train/image_files/Image_5/1/1106.jpeg,wildreceipt,train,348,348,36,True
wildreceipt/train/image_files/Image_63/3/a1f993060e8cea4ae797b371479872c15a7b766e.jpeg,wildreceipt,validation,400,711,78,True
wildreceipt/train/image_files/Image_52/19/de415d445cc0c80847a0cae01960bb0f9dd0a13d.jpeg,wildreceipt,validation,219,450,36,True
wildreceipt/train/image_files/Image_63/3/bf3fc39886d3114055261dd0068611dee0f07a21.jpeg,wildreceipt,train,338,450,42,True
wildreceipt/train/image_files/Image_67/4/b9f964b9efa2e3a2c98f8ba59003ad0ca409384a.jpeg,wildreceipt,train,609,914,45,True
wildreceipt/train/image_files/Image_12/10/6e8de4b7545111a1101b49ad266624526351c373.jpeg,wildreceipt,train,337,450,55,True
wildreceipt/train/image_files/Image_87/8/d1019d13377ee2fc48ebb49279185833ebd3a265.jpeg,wildreceipt,train,250,250,26,True
wildreceipt/train/image_files/Image_54/2/4f05b03122f01d56ad97281eeea915bdc4327c98.jpeg,wildreceipt,train,2448,3264,48,True
wildreceipt/train/image_files/Image_28/14/511e7c417b247249356cd026bc5b3d306fc3f14e.jpeg,wildreceipt,validation,1600,1200,20,True
wildreceipt/train/image_files/Image_57/20/2153.jpeg,wildreceipt,validation,338,450,30,True
wildreceipt/train/image_files/Image_81/7/71513cf74da2d87c2b27332b737d49d1194fec2e.jpeg,wildreceipt,train,3096,4128,36,True
wildreceipt/train/image_files/Image_77/6/ed1d5f3eacf7d64d592e9d24084410e239dd7c1c.jpeg,wildreceipt,train,787,605,35,True
wildreceipt/train/image_files/Image_7/1/5ff954c1e725e43aab72dadce46a3f71a3fdec7b.jpeg,wildreceipt,train,450,450,29,True
wildreceipt/train/image_files/Image_87/8/eb21679384005f7369ac8c06744c38c4b3f2229c.jpeg,wildreceipt,train,1080,1080,28,True
wildreceipt/train/image_files/Image_4/0/d6cf7814253c7f7355fe06417d1c2063d61f3fb3.jpeg,wildreceipt,train,395,500,26,True
wildreceipt/train/image_files/Image_32/15/0f72871406e696d6739e901c12acc739e2f6513c.jpeg,wildreceipt,train,338,450,50,True
wildreceipt/train/image_files/Image_84/8/3242ec54d007ba1597d8f240cd91513f8eb44220.jpeg,wildreceipt,validation,750,1000,28,True
wildreceipt/train/image_files/Image_41/16/d2ab654e9b4826d06c6e6762aae0786ab043d371.jpeg,wildreceipt,train,274,400,22,True
wildreceipt/train/image_files/Image_56/2/eb1de576fb0509a45ab1d646ac4dde5e8e7a1d0c.jpeg,wildreceipt,train,749,1024,60,True
wildreceipt/train/image_files/Image_58/20/3c49375f42c5214a4dff504f37dc51245bac8244.jpeg,wildreceipt,train,1781,2040,68,True
wildreceipt/train/image_files/Image_32/15/1d18b0bde40f8eafee593943b13e9af4899afaaa.jpeg,wildreceipt,train,930,1953,50,True
wildreceipt/train/image_files/Image_22/12/ef6aea1a7ca2ff593b724a13383c62248851ea23.jpeg,wildreceipt,train,750,1000,43,True
wildreceipt/train/image_files/Image_38/16/37136b49ab8dcc67082fa309a16549aa8ed15088.jpeg,wildreceipt,train,1024,576,24,True
wildreceipt/train/image_files/Image_35/15/b5cdb9ceeb27f3656bf42c7029c0e1b25fd86a86.jpeg,wildreceipt,train,375,500,31,True
wildreceipt/train/image_files/Image_71/5/5e0de695aeab57f0c32428a6696ff7b25f44aab5.jpeg,wildreceipt,validation,750,1000,43,True
wildreceipt/train/image_files/Image_90/9/9a84b939d659b3d10674609df78319bed18308b7.jpeg,wildreceipt,train,720,960,43,True
wildreceipt/train/image_files/Image_58/20/781c02f5df34ec2170080c9fe4105c202b1b0cbc.jpeg,wildreceipt,train,338,450,43,True
wildreceipt/train/image_files/Image_18/12/1dcd3ab76557e207780616c2bad8b5eaf83a2619.jpeg,wildreceipt,train,253,450,48,True
wildreceipt/train/image_files/Image_75/6/4c66d00aff68990ce9deef3960eff85a2dc03f77.jpeg,wildreceipt,train,424,899,41,True
wildreceipt/train/image_files/Image_8/1/8df932791c2a61a9b1950138b0c4218b0cee7567.jpeg,wildreceipt,train,338,450,51,True
wildreceipt/train/image_files/Image_72/5/9aa99bc45bd7b2118c991dd0200889159c202246.jpeg,wildreceipt,train,600,610,28,True
wildreceipt/train/image_files/Image_73/5/e14d776d012a5658322fb423210b9a34e6539be1.jpeg,wildreceipt,validation,480,640,40,True
wildreceipt/train/image_files/Image_35/15/c7a6ef840d79fdfa93259c3ececc14e04ffe49f1.jpeg,wildreceipt,train,1200,1600,23,True
wildreceipt/train/image_files/Image_80/7/53169eceec9ae289070f167c4eb6f98df378242c.jpeg,wildreceipt,train,1504,1000,23,True
wildreceipt/train/image_files/Image_24/13/6d1f665628c986f8e8122d3a1d768a5bcf7cbffc.jpeg,wildreceipt,train,270,450,40,True
wildreceipt/train/image_files/Image_68/4/fc33935a15353be35b83c0195d4f0a728cfb3e15.jpeg,wildreceipt,train,1000,1000,41,True
wildreceipt/train/image_files/Image_39/16/79a22d45f0b23bbcc368e61947b3060febf5764b.jpeg,wildreceipt,validation,338,450,39,True
wildreceipt/train/image_files/Image_34/15/8b8b4d5d66ba1889017dd762ae5bbc22e4ef2b35.jpeg,wildreceipt,train,1200,1600,36,True
wildreceipt/train/image_files/Image_36/15/eaf5af6c7c670445aca204b5d44097c7d560627f.jpeg,wildreceipt,train,575,323,18,True
wildreceipt/train/image_files/Image_29/14/5ef42ec49bb10b6c6633764c5fba384aaa2e795d.jpeg,wildreceipt,validation,768,1024,41,True
wildreceipt/train/image_files/Image_75/6/4cfc745a92861f5fd34e02db8aa4bc8b208a093a.jpeg,wildreceipt,train,750,1000,27,True
wildreceipt/train/image_files/Image_58/20/3681.jpeg,wildreceipt,train,348,348,34,True
wildreceipt/train/image_files/Image_84/8/2704.jpeg,wildreceipt,train,261,400,60,True
wildreceipt/train/image_files/Image_88/9/2447869706653867674ced9839989ccdda850d3d.jpeg,wildreceipt,train,337,450,26,True
wildreceipt/train/image_files/Image_59/20/9e33546ee55b55da21db0af4cce8dbe324bc663b.jpeg,wildreceipt,validation,1840,3264,66,True
wildreceipt/train/image_files/Image_40/16/a2e3572703b269d3df60c6a681d5bdfb589cd908.jpeg,wildreceipt,train,348,348,40,True
wildreceipt/train/image_files/Image_13/10/db8cbc998dfb54ec441278f74c8e44f0b0fc9737.jpeg,wildreceipt,train,348,348,23,True
wildreceipt/train/image_files/Image_33/15/4a3150a066d3e8077ac172669f82928bb283a2e4.jpeg,wildreceipt,train,337,450,50,True
wildreceipt/train/image_files/Image_58/20/57c9512f3887daeec803ea134535e4688315758c.jpeg,wildreceipt,train,300,400,42,True
wildreceipt/train/image_files/Image_30/14/9f16cdd2f546d0ee954f4a953ba125c8fde23578.jpeg,wildreceipt,validation,338,450,37,True
wildreceipt/train/image_files/Image_24/13/88852c88437231d25273684a3912da209c9506c8.jpeg,wildreceipt,validation,337,450,26,True
wildreceipt/train/image_files/Image_55/2/6d277cdcdff3d4e440a16d8f920b749b7748511a.jpeg,wildreceipt,train,300,450,51,True
wildreceipt/train/image_files/Image_55/2/7325a58dff6d2383fff57b1dd8efcc3457be2bd6.jpeg,wildreceipt,validation,226,600,43,True
wildreceipt/train/image_files/Image_58/20/54a6a3cfa6296af8f321a96de5921fab29866625.jpeg,wildreceipt,train,338,450,43,True
wildreceipt/train/image_files/Image_45/17/dbd74e53154a3b26456c3755ca3cc414028ffa8e.jpeg,wildreceipt,train,338,450,44,True
wildreceipt/train/image_files/Image_56/2/e8db966f1b0062ab0f271ceb723761068e40005c.jpeg,wildreceipt,train,571,800,25,True
wildreceipt/train/image_files/Image_51/19/629c11f23109d140e1b0451b5bfdd17efbabab54.jpeg,wildreceipt,validation,400,518,47,True
wildreceipt/train/image_files/Image_72/5/ae6b03ad0afde47c7884d58bae689dc3ace43148.jpeg,wildreceipt,train,338,450,34,True
wildreceipt/train/image_files/Image_74/6/1c48c93433b41f058d42bded4e45907f50712abe.jpeg,wildreceipt,train,337,450,27,True
wildreceipt/train/image_files/Image_55/2/c62db190fe2849533b157736c40174b6c2fc8d35.jpeg,wildreceipt,train,1936,2592,38,True
wildreceipt/train/image_files/Image_39/16/7207b8ed419943c80772c510488f4b97cc903375.jpeg,wildreceipt,train,337,450,48,True
wildreceipt/train/image_files/Image_63/3/ba2c0c239d65d4a69ff17ebdb6095834a599d8ba.jpeg,wildreceipt,train,334,450,54,True
wildreceipt/train/image_files/Image_86/8/9f8fc74d86175f5f86220367a4e8d6971b7da112.jpeg,wildreceipt,train,341,500,41,True
wildreceipt/train/image_files/Image_71/5/8267df0e11d12f8959b1bb6029b373447b154e2b.jpeg,wildreceipt,train,1200,1600,70,True
wildreceipt/train/image_files/Image_85/8/51c6036665d0f4b562ef7ba44e01eb683204cc29.jpeg,wildreceipt,train,300,419,55,True
wildreceipt/train/image_files/Image_37/16/1.jpeg,wildreceipt,train,1600,902,39,True
wildreceipt/train/image_files/Image_79/7/3290.jpeg,wildreceipt,train,348,348,36,True
wildreceipt/train/image_files/Image_53/2/17ac609ad5c6a50873cdbac2823364845fc0aa27.jpeg,wildreceipt,train,540,960,42,True
wildreceipt/train/image_files/Image_5/1/1402abbba6b49d7e8f4d36170f9e07575dafc775.jpeg,wildreceipt,train,1200,1600,36,True
wildreceipt/train/image_files/Image_89/9/57ddee939e0778a68f89b0ff0db542e2fc37fe82.jpeg,wildreceipt,train,250,250,31,True
wildreceipt/train/image_files/Image_55/2/95b26fc6e8c969335fa86e4a2709e8ac6ff317df.jpeg,wildreceipt,train,813,1365,68,True
wildreceipt/train/image_files/Image_69/5/1439.jpeg,wildreceipt,train,570,644,28,True
wildreceipt/train/image_files/Image_60/20/e4f065feb567419eed2ce0dd38026d20df2cc5e8.jpeg,wildreceipt,train,338,450,43,True
wildreceipt/train/image_files/Image_29/14/683d87872234ed3c93dee4915d74e0c09aa04f8b.jpeg,wildreceipt,train,348,348,35,True
wildreceipt/train/image_files/Image_42/17/102205d4b0e76859d38fb348b96f3cc3176b3dba.jpeg,wildreceipt,train,201,450,58,True
wildreceipt/train/image_files/Image_15/11/7911091b6d2dbf7a84fd6d96583ec1eb5533014c.jpeg,wildreceipt,train,2048,1536,28,True
wildreceipt/train/image_files/Image_58/20/63c1361c8dee6bbff0d50e26b2c05ca3c53717f3.jpeg,wildreceipt,train,348,348,44,True
wildreceipt/train/image_files/Image_89/9/3de1bb39acfb98088fc94b0240e67257c7ad3466.jpeg,wildreceipt,train,3024,4032,58,True
wildreceipt/train/image_files/Image_24/13/b4da219f30e2083a396331faf52bf6e5ea4d4939.jpeg,wildreceipt,train,253,450,20,True
wildreceipt/train/image_files/Image_74/6/203c53d556905f1dec0bd5adb6630c44070c4b69.jpeg,wildreceipt,validation,413,734,43,True
wildreceipt/train/image_files/Image_31/14/e4e911aa1f004aa968f7b3086d397e5c8f50da67.jpeg,wildreceipt,train,500,659,46,True
wildreceipt/train/image_files/Image_68/4/dda2ecdceffd2830eb2a31a56a24b058e83252b1.jpeg,wildreceipt,train,750,1000,43,True
wildreceipt/train/image_files/Image_39/16/70146938382bc4e7731af0f355a39d84ee69f2f6.jpeg,wildreceipt,train,469,996,30,True
wildreceipt/train/image_files/Image_8/1/7390a12cb9eb55220c457288fda8f5442b1bf799.jpeg,wildreceipt,train,591,1024,35,True
wildreceipt/train/image_files/Image_67/4/7d5ab1c22cb6336717dd77267720dcac7a2cec34.jpeg,wildreceipt,train,992,2086,234,True
wildreceipt/train/image_files/Image_7/1/47344da0d0f936a4aaea3934ee19230b0a89e4ac.jpeg,wildreceipt,train,450,450,32,True
wildreceipt/train/image_files/Image_38/16/3cc5c60f8ca5a1be6c9646275311039d32a204d2.jpeg,wildreceipt,train,750,1000,43,True
wildreceipt/train/image_files/Image_21/12/db947bf7509104adea22c5e6758395584148d907.jpeg,wildreceipt,train,338,450,35,True
wildreceipt/train/image_files/Image_6/1/342e7961fd035a064f6ecf8bad5f688093b26cd7.jpeg,wildreceipt,validation,348,348,32,True
wildreceipt/train/image_files/Image_5/1/10f3049a163b0b6a89f636f7ab97baed6d102c6f.jpeg,wildreceipt,validation,448,880,67,True
wildreceipt/train/image_files/Image_61/3/14e8faa18c3c4003eda02b924ddd07baea9ecbcd.jpeg,wildreceipt,validation,300,400,27,True
wildreceipt/train/image_files/Image_4/0/d988472fe11d50d6424759f8d09298fe8f7362e6.jpeg,wildreceipt,train,250,250,15,True
wildreceipt/train/image_files/Image_21/12/ca114c3026903cf23adc3213b71d1e5ae16a0fab.jpeg,wildreceipt,train,900,900,33,True
wildreceipt/train/image_files/Image_73/5/ee6c3e7b434a254b1ed03b1837e0dbe07ae2d95b.jpeg,wildreceipt,train,550,309,35,True
wildreceipt/train/image_files/Image_80/7/499edd655772b3980339e361c8d82160966f0705.jpeg,wildreceipt,train,480,640,31,True
wildreceipt/train/image_files/Image_47/18/4d10532171483160aa680ad1a0b0cf791b54fa50.jpeg,wildreceipt,train,254,450,40,True
wildreceipt/train/image_files/Image_75/6/6c1d667deb4a24526d9498e5a5edecfa7444f63a.jpeg,wildreceipt,train,550,977,33,True
wildreceipt/train/image_files/Image_75/6/4a71e5916ba1656d50f507f46cac96e1756b60de.jpeg,wildreceipt,train,432,768,40,True
wildreceipt/train/image_files/Image_51/19/8625ec7f4bdfa70a950b4d34e6d99ac16561f091.jpeg,wildreceipt,train,300,668,43,True
wildreceipt/train/image_files/Image_74/6/4908293c3d24f06e50a63babf12fb1703786f220.jpeg,wildreceipt,validation,550,413,33,True
wildreceipt/train/image_files/Image_3/0/c219fb1e58d5525b70ad95cdfb6aaabd74204930.jpeg,wildreceipt,train,741,1000,53,True
wildreceipt/train/image_files/Image_82/7/ec08503881eb039af7f5909122dc4ca1e7970167.jpeg,wildreceipt,train,338,450,40,True
wildreceipt/train/image_files/Image_34/15/71465bbbdbd28f8e5b8330e4ab2a0f2e6d82e5ea.jpeg,wildreceipt,validation,405,464,38,True
wildreceipt/train/image_files/Image_52/19/9175953996c22f196cfcae07390cc9205e99b283.jpeg,wildreceipt,train,900,1200,34,True
wildreceipt/train/image_files/Image_27/14/2545.jpeg,wildreceipt,train,750,1000,47,True
wildreceipt/train/image_files/Image_70/5/23b237488f362ddc6f04bea5045464cc5d9335d5.jpeg,wildreceipt,train,250,250,44,True
wildreceipt/train/image_files/Image_71/5/822d783ab48925d50c7cc804f27c6bc02bbe41e0.jpeg,wildreceipt,train,2448,3264,67,True
wildreceipt/train/image_files/Image_38/16/3390e619be6a83aa4e57fc8742ffcc659c1b3000.jpeg,wildreceipt,validation,348,348,37,True
wildreceipt/train/image_files/Image_8/1/69e28cc924172553a9e8591821b9d1ffd2ca0377.jpeg,wildreceipt,train,480,640,118,True
wildreceipt/train/image_files/Image_38/16/31846a80265176bcd79756d7cb01849347696863.jpeg,wildreceipt,train,250,250,18,True
wildreceipt/train/image_files/Image_84/8/26e3f48526719f515e7d8f85ae57b5fbce583b3a.jpeg,wildreceipt,train,513,713,35,True
wildreceipt/train/image_files/Image_13/10/f31b014a00d7f31670aae218002b49bbb5ba04f1.jpeg,wildreceipt,train,353,450,31,True
wildreceipt/train/image_files/Image_30/14/808e42b5efc4ebb2fd09fbab0ba74d84caed8c62.jpeg,wildreceipt,train,250,250,25,True
wildreceipt/train/image_files/Image_60/20/ee66acdc8e04a02734bf69da2314cb278290466b.jpeg,wildreceipt,train,338,450,33,True
wildreceipt/train/image_files/Image_57/20/3053.jpeg,wildreceipt,train,360,640,27,True
wildreceipt/train/image_files/Image_72/5/9290799b9c134bdb30e3bda6e0b8db5ba846c515.jpeg,wildreceipt,train,338,450,46,True
wildreceipt/train/image_files/Image_74/6/45fe6307520947c289dfed1591c98f703ecc8afb.jpeg,wildreceipt,train,400,300,29,True
wildreceipt/train/image_files/Image_14/11/1a8be293586a17a1f1f68e727d16be7eb4120188.jpeg,wildreceipt,train,1141,1284,47,True
wildreceipt/train/image_files/Image_52/19/badd617dde64132daed63bb624244732b6390d8c.jpeg,wildreceipt,train,338,450,51,True
wildreceipt/train/image_files/Image_86/8/b012d24df7a0d54c5c7afda2d679b686560cb18f.jpeg,wildreceipt,train,338,450,58,True
wildreceipt/train/image_files/Image_3/0/b64022dbad5d4addad2678a7829873e663c453e2.jpeg,wildreceipt,train,600,1074,49,True
wildreceipt/train/image_files/Image_9/1/e113f43675906b06093d8312b56aff5ffcb2aeff.jpeg,wildreceipt,train,1520,2688,30,True
wildreceipt/train/image_files/Image_22/13/2576b926189eccb5aaf8974289d0dcbf91e26241.jpeg,wildreceipt,train,2872,3734,30,True
wildreceipt/train/image_files/Image_3/0/b5af3c9b6149db84d0115f8fd7d102ef241aacdd.jpeg,wildreceipt,validation,338,450,35,True
wildreceipt/train/image_files/Image_74/6/4144.jpeg,wildreceipt,train,336,450,43,True
wildreceipt/train/image_files/Image_23/13/62d264383ba652ed838bedb07c573fe327f61ec9.jpeg,wildreceipt,train,202,793,30,True
wildreceipt/train/image_files/Image_82/7/ceae7253737bd73b0e41c4bf345ca9b186596aca.jpeg,wildreceipt,train,338,450,30,True
wildreceipt/train/image_files/Image_72/5/998577c31850d5ce670f27532ba8e5a37ea1552b.jpeg,wildreceipt,train,271,450,54,True
wildreceipt/train/image_files/Image_28/14/520bc67f0f63ba357a32d9bad7d17433bbd435ae.jpeg,wildreceipt,train,337,450,33,True
wildreceipt/train/image_files/Image_3/0/b9475fef9baad4230a19fb97b70c8621bbd966e4.jpeg,wildreceipt,train,763,572,26,True
wildreceipt/train/image_files/Image_67/4/a2d26bcb85cfd1032820ca79540c0be3bc21bcce.jpeg,wildreceipt,train,480,640,42,True
wildreceipt/train/image_files/Image_47/18/738b3462b69d36b5e2291cbd0e0a29b7608794d8.jpeg,wildreceipt,train,193,640,37,True
wildreceipt/train/image_files/Image_51/19/54345fa208204f1ed863b850751e5fce2e900620.jpeg,wildreceipt,train,334,450,30,True
wildreceipt/train/image_files/Image_71/5/4efc85eca223ea2e93161308b4b485d8ff1e2fa0.jpeg,wildreceipt,validation,749,1000,38,True
wildreceipt/train/image_files/Image_83/8/07a937cf541439c7532253e0af260746483cfbf5.jpeg,wildreceipt,train,338,450,52,True
wildreceipt/train/image_files/Image_89/9/3810.jpeg,wildreceipt,train,348,348,26,True
wildreceipt/train/image_files/Image_74/6/3307.jpeg,wildreceipt,train,253,450,39,True
wildreceipt/train/image_files/Image_18/12/17676d8a803b7032c6b6ec2087a86b18ab7accde.jpeg,wildreceipt,train,557,1024,30,True
wildreceipt/train/image_files/Image_75/6/574.jpeg,wildreceipt,validation,750,1000,28,True
wildreceipt/train/image_files/Image_2/0/633c3baca6f1946de1eec1326386616b4269efea.jpeg,wildreceipt,train,698,1025,28,True
wildreceipt/train/image_files/Image_21/12/d3759910dd539093eafd9d14ac39c6937e3c0f05.jpeg,wildreceipt,train,336,450,42,True
wildreceipt/train/image_files/Image_53/2/1ceae91d828fd7cafbe403007c77ad18f0a80f3b.jpeg,wildreceipt,train,502,472,72,True
wildreceipt/train/image_files/Image_61/3/20545e844e528c8c61e06cffbf552fddd7ce5aea.jpeg,wildreceipt,validation,338,450,23,True
wildreceipt/train/image_files/Image_74/6/4379.jpeg,wildreceipt,validation,1200,1600,49,True
wildreceipt/train/image_files/Image_91/9/c7cd1dd86886302bfac882d5ecf955a9161647d8.jpeg,wildreceipt,train,550,733,33,True
wildreceipt/train/image_files/Image_33/15/4004.jpeg,wildreceipt,train,338,450,51,True
wildreceipt/train/image_files/Image_85/8/52edee385903d860f837cb6bff503fafcda7234d.jpeg,wildreceipt,train,480,640,61,True
wildreceipt/train/image_files/Image_46/18/35c584ae95ca35f4300eec2d322ddfef2054a19b.jpeg,wildreceipt,train,273,450,65,True
wildreceipt/train/image_files/Image_44/17/a14c10baf0cd1f8e05a34d5d3e0d06a33b0b7ca3.jpeg,wildreceipt,train,348,348,44,True
wildreceipt/train/image_files/Image_36/15/f40068b62a9725036d4bbf25569ab3107ebcde04.jpeg,wildreceipt,train,338,450,59,True
wildreceipt/train/image_files/Image_45/18/194028c93bc8df5546bcca0a749df3fe061e9036.jpeg,wildreceipt,train,765,1024,28,True
wildreceipt/train/image_files/Image_39/16/8e3d1940a2584289b7fd8d649176da1c68058901.jpeg,wildreceipt,train,768,1255,80,True
wildreceipt/train/image_files/Image_59/20/9a724f0975e1a34c1b3c7ac86075068884eef1e6.jpeg,wildreceipt,train,750,1000,53,True
wildreceipt/train/image_files/Image_20/12/9f913b5d29940822d7a8018a87223acaf4f433d7.jpeg,wildreceipt,validation,236,590,88,True
wildreceipt/train/image_files/Image_44/17/b861b538ff5eb443b59912f691a19bb0fbe788e3.jpeg,wildreceipt,validation,764,1024,40,True
wildreceipt/train/image_files/Image_78/7/1960.jpeg,wildreceipt,train,360,500,24,True
wildreceipt/train/image_files/Image_28/14/36826bccbbcf42f02747bdd53070519b6f74ae45.jpeg,wildreceipt,train,540,960,48,True
wildreceipt/train/image_files/Image_22/13/1bdbd7f9083257704eee01764d4231717e7dc73b.jpeg,wildreceipt,train,450,450,21,True
wildreceipt/train/image_files/Image_69/5/1651.jpeg,wildreceipt,validation,378,450,26,True
wildreceipt/train/image_files/Image_17/11/ff436163eb512f0517057c23dd4b0e4c701c05d9.jpeg,wildreceipt,validation,338,450,38,True
wildreceipt/train/image_files/Image_53/2/1de7c840f532add49cdf0eeafea2370424d0ddea.jpeg,wildreceipt,train,1952,3264,16,True
wildreceipt/train/image_files/Image_19/12/4904bfb4212c2ea9ec5470450b92c4bc937710ce.jpeg,wildreceipt,train,348,348,33,True
wildreceipt/train/image_files/Image_11/10/4ee1eb910ddf681e13e2e6f874ce3c8bad72f67e.jpeg,wildreceipt,train,3096,4128,33,True
wildreceipt/train/image_files/Image_84/8/2a2d38ad90cf8774bfc57e657ab1124f898cafb6.jpeg,wildreceipt,train,1920,1080,22,True
wildreceipt/train/image_files/Image_6/1/192.jpeg,wildreceipt,train,1200,1600,83,True
wildreceipt/train/image_files/Image_75/6/4a1441b6120547a8d66632021b95a2fc1cafd76c.jpeg,wildreceipt,train,450,470,34,True
wildreceipt/train/image_files/Image_15/11/672.jpeg,wildreceipt,train,545,565,26,True
wildreceipt/train/image_files/Image_63/3/96e69d3df79d11149bf794ee2f2fa11a12de996e.jpeg,wildreceipt,train,236,450,74,True
wildreceipt/train/image_files/Image_43/17/990.jpeg,wildreceipt,train,412,550,29,True
wildreceipt/train/image_files/Image_15/11/6e55e1cd4369fddadf254f648ac4969119459c84.jpeg,wildreceipt,train,750,1000,41,True
wildreceipt/train/image_files/Image_35/15/b117131d2211d6d4c219f4db1ca155cb53ab433d.jpeg,wildreceipt,train,348,348,23,True
wildreceipt/train/image_files/Image_15/11/7698981aae3872e5f7f8aa655b7f28d68bd6adab.jpeg,wildreceipt,train,1632,1224,19,True
wildreceipt/train/image_files/Image_45/17/e3474fc390022f00247fa1dfe5283d84ad31a0ca.jpeg,wildreceipt,validation,338,450,47,True
wildreceipt/train/image_files/Image_16/11/c7536d4be9ce2bce3084749c2fafaf91374552a9.jpeg,wildreceipt,train,250,250,30,True
wildreceipt/train/image_files/Image_47/18/5d2bee732012177b3663966aa764e6a1a0acf94d.jpeg,wildreceipt,train,550,309,32,True
wildreceipt/train/image_files/Image_71/5/6227ab82e16a9376b4a8c1677c52ce79d4b54daf.jpeg,wildreceipt,train,360,640,27,True
wildreceipt/train/image_files/Image_50/19/338432f9b0b7259a2516f6fbad2cfa606828d366.jpeg,wildreceipt,train,338,450,40,True
wildreceipt/train/image_files/Image_51/19/715.jpeg,wildreceipt,validation,747,1000,22,True
wildreceipt/train/image_files/Image_19/12/4cbb0cfdafe75bfeb9e8ccf94f9eba327d2efee9.jpeg,wildreceipt,validation,750,1000,48,True
wildreceipt/train/image_files/Image_11/10/530ae179b42fa065233c19747621329b8141e6b3.jpeg,wildreceipt,validation,845,720,25,True
wildreceipt/train/image_files/Image_34/15/69a311766193b1b006436201400b45b968b0f3fc.jpeg,wildreceipt,train,770,707,13,True
wildreceipt/train/image_files/Image_44/17/ad20cc872df1df8d0cf67d9e51cea897fbe14faa.jpeg,wildreceipt,train,253,450,27,True
wildreceipt/train/image_files/Image_47/18/6be7662ace741109711df6f3cb8763ce8d9e394b.jpeg,wildreceipt,validation,768,1024,37,True
wildreceipt/train/image_files/Image_21/12/cdefa720394949947f4323c36a45720107387013.jpeg,wildreceipt,validation,960,1280,47,True
wildreceipt/train/image_files/Image_7/1/4213d7a1b558b3d73a65cd985ee0b95f5dca91c1.jpeg,wildreceipt,train,348,348,35,True
wildreceipt/train/image_files/Image_30/14/8258ab01b293fd05bb1cc3308b877870e4113d79.jpeg,wildreceipt,validation,250,446,78,True
wildreceipt/train/image_files/Image_11/10/6c525f8c27384ba7cb64019132d35ff91ddcd53c.jpeg,wildreceipt,train,250,250,27,True
wildreceipt/train/image_files/Image_39/16/7cbab63777cf07d40c08b50d46bd1d15c35bfddb.jpeg,wildreceipt,train,338,450,45,True
wildreceipt/train/image_files/Image_5/0/f3a6cdbce4c39bd7718de9b309fe2ce4bf776d83.jpeg,wildreceipt,train,253,448,92,True
wildreceipt/train/image_files/Image_5/1/074b058f0404673b9142b391410e9f9d8ab7679c.jpeg,wildreceipt,train,250,250,38,True
wildreceipt/train/image_files/Image_72/5/9fae9ed073299acfd6047bc8758a8e7e91ca0aa3.jpeg,wildreceipt,train,480,640,37,True
wildreceipt/train/image_files/Image_14/11/02683d90a74b3573988b5763c45bf0df51a670b4.jpeg,wildreceipt,train,768,1024,75,True
wildreceipt/train/image_files/Image_82/7/e9f9a46e62a76b6f344a8fe781c053f65941dcba.jpeg,wildreceipt,train,338,450,37,True
wildreceipt/train/image_files/Image_38/16/3234bb36a1ea054d64034b49611c3145138c0316.jpeg,wildreceipt,train,640,479,22,True
wildreceipt/train/image_files/Image_70/5/30f9ca160a4440fd890d075dccf171ce49d4f09c.jpeg,wildreceipt,train,465,553,57,True
wildreceipt/train/image_files/Image_24/13/837dc98ba415af6e922c99913641f2170f70eccf.jpeg,wildreceipt,validation,338,600,33,True
wildreceipt/train/image_files/Image_84/8/41213f207448d64e020ff06fb5ca675555dd114b.jpeg,wildreceipt,train,1697,3057,30,True
wildreceipt/train/image_files/Image_81/7/703c7e5dce15019ee9700fd4a240ff458f721fce.jpeg,wildreceipt,train,348,348,28,True
wildreceipt/train/image_files/Image_41/16/fe6c3ae483c5e6463b74a1cd7c7d100f4f90e41c.jpeg,wildreceipt,train,768,1024,34,True
wildreceipt/train/image_files/Image_34/15/70d2bd3839315e6cd41c54e692d9c7e384e1b002.jpeg,wildreceipt,train,800,1653,25,True
wildreceipt/train/image_files/Image_75/6/72572ef98fe32b45b7d0fd725056bdc877e525a5.jpeg,wildreceipt,train,693,1000,32,True
wildreceipt/train/image_files/Image_16/11/b0a88d6170751b3bcaa500aba9ecde7e2f1bb6bf.jpeg,wildreceipt,train,1159,1787,55,True
wildreceipt/train/image_files/Image_54/2/6a92a264318dbf97795e8cda176ed3ea1eaf41d7.jpeg,wildreceipt,train,634,830,46,True
wildreceipt/train/image_files/Image_5/0/f38eccdd1e510028223b4969de7ad0617340ca2a.jpeg,wildreceipt,train,338,450,37,True
wildreceipt/train/image_files/Image_50/19/2ca85781f183ac0a57cb15903fda8536ef6fde37.jpeg,wildreceipt,train,253,450,38,True
wildreceipt/train/image_files/Image_13/10/f584f76fb35a5b1547dd8e13ef1645d7e997bc0e.jpeg,wildreceipt,train,337,450,57,True
wildreceipt/train/image_files/Image_6/1/2d98ac8630b4ffcce0dd65070e6255a003f2d282.jpeg,wildreceipt,train,2048,2731,32,True
wildreceipt/train/image_files/Image_42/17/2f0da7cb78ee374a83fc0ed2fec5d905f873ac09.jpeg,wildreceipt,train,1501,1406,44,True
wildreceipt/train/image_files/Image_80/7/4285.jpeg,wildreceipt,train,253,450,23,True
wildreceipt/train/image_files/Image_35/15/babe7c51ff3c075efbe69b7613764366a436db66.jpeg,wildreceipt,train,273,500,31,True
wildreceipt/train/image_files/Image_82/7/ca07551d15fbf9f2b2fcf668cc3bd6e89fb51946.jpeg,wildreceipt,train,250,250,22,True
wildreceipt/train/image_files/Image_46/18/2914.jpeg,wildreceipt,train,1200,1600,46,True
wildreceipt/train/image_files/Image_40/16/a44ae096d10fef8773cbd31adf8e306a2889d1b5.jpeg,wildreceipt,validation,222,448,26,True
wildreceipt/train/image_files/Image_63/3/6e107010dee27b5a7e2ca966baff359a252dea76.jpeg,wildreceipt,validation,768,1024,33,True
wildreceipt/train/image_files/Image_42/17/38f7fc760f09eb9955515d81dcd9ea8ed70be405.jpeg,wildreceipt,train,348,348,37,True
wildreceipt/train/image_files/Image_56/2/f161b81cd025e2adf781a8b639b6c1a63ae70460.jpeg,wildreceipt,train,337,450,31,True
wildreceipt/train/image_files/Image_69/5/1279.jpeg,wildreceipt,train,348,348,22,True
wildreceipt/train/image_files/Image_71/5/76d09c5f5a87eb02b604bca91236d935e9b2ed4f.jpeg,wildreceipt,train,253,450,29,True
wildreceipt/train/image_files/Image_57/20/31b6eb503ccf688bdb7905f72fd5dd0b54610b20.jpeg,wildreceipt,train,375,500,23,True
wildreceipt/train/image_files/Image_60/20/f3149ab2b4504cf05cb77769c8b3c3eccde7e252.jpeg,wildreceipt,train,338,450,56,True
wildreceipt/train/image_files/Image_89/9/5754a269cdbc7c929f86fca5d5a9cfa2a98f3ce0.jpeg,wildreceipt,validation,1512,1696,25,True
wildreceipt/train/image_files/Image_69/5/1686.jpeg,wildreceipt,train,348,348,30,True
wildreceipt/train/image_files/Image_76/6/8dfaccef83b7cd9d424e1e0809ced80654132ed9.jpeg,wildreceipt,train,1000,1496,40,True
wildreceipt/train/image_files/Image_65/4/296f92a5407b3c3a96acbe0e3aaa77b53727733b.jpeg,wildreceipt,train,750,1000,43,True
wildreceipt/train/image_files/Image_42/17/3c3ba543014c2879f2d9f33c54dfa20d5a9482e5.jpeg,wildreceipt,train,720,574,23,True
wildreceipt/train/image_files/Image_49/19/0cb076412c76f81f55a1688d6581fe42a4107a2c.jpeg,wildreceipt,validation,337,450,40,True
wildreceipt/train/image_files/Image_31/14/f3679435187df59bdb51282df3ed07408f94cde2.jpeg,wildreceipt,validation,962,1110,81,True
wildreceipt/train/image_files/Image_32/15/266c29092180a13e45577f7947d217805bdfca26.jpeg,wildreceipt,train,450,450,24,True
wildreceipt/train/image_files/Image_88/9/0191e874c74af43d84f257225f7b49f3663339ff.jpeg,wildreceipt,train,540,960,42,True
wildreceipt/train/image_files/Image_40/16/be49cc2cab7b1c1afc439854a571ef2c33684de8.jpeg,wildreceipt,train,348,348,29,True
wildreceipt/train/image_files/Image_60/20/e410ab0cf95a1dd4121eb60ff2ac16ecb19693d6.jpeg,wildreceipt,train,309,550,76,True
wildreceipt/train/image_files/Image_56/2/ffc1985ee32467768b4a69442a6ff869aed9ecfc.jpeg,wildreceipt,train,500,336,22,True
wildreceipt/train/image_files/Image_72/5/96f3036d0dfb17af11255cb19de56691843f69ea.jpeg,wildreceipt,train,450,450,35,True
wildreceipt/train/image_files/Image_52/19/c8f136dddb329cbe91ba729b245e6327710fd2c8.jpeg,wildreceipt,train,338,450,46,True
wildreceipt/train/image_files/Image_76/6/9cefa0ee49cc364e0da5c642ccb988718f3a0b0d.jpeg,wildreceipt,validation,450,600,37,True
wildreceipt/train/image_files/Image_12/10/9d8ede2550b4a9df8c5912fe2c3facda8e46fa6f.jpeg,wildreceipt,train,920,545,24,True
wildreceipt/train/image_files/Image_83/8/236b2fa8a920b346f9f6c9ce6f5707ab18f31862.jpeg,wildreceipt,train,338,450,39,True
wildreceipt/train/image_files/Image_70/5/3357.jpeg,wildreceipt,train,731,1000,51,True
wildreceipt/train/image_files/Image_1/0/347532934298d2e8b8535ca83a46b2653955c44d.jpeg,wildreceipt,validation,338,450,31,True
wildreceipt/train/image_files/Image_80/7/4308.jpeg,wildreceipt,train,3296,2472,27,True
wildreceipt/train/image_files/Image_18/12/3faf15b532178a4447db8eca245aa98f09c22ef7.jpeg,wildreceipt,train,338,450,34,True
wildreceipt/train/image_files/Image_55/2/836ad1fe999063b47f0efa9cc14e9c3a65f5a085.jpeg,wildreceipt,train,253,450,64,True
wildreceipt/train/image_files/Image_63/3/6b5590e354468763d82f06b9448e535767014bab.jpeg,wildreceipt,train,300,450,57,True
wildreceipt/train/image_files/Image_11/10/5c2bf8fda7d82d28b0720ce8ae31115a9ac34ef4.jpeg,wildreceipt,train,450,450,37,True
wildreceipt/train/image_files/Image_77/6/c7e206f415c1893c6a978808358fd2748e20a598.jpeg,wildreceipt,validation,348,348,28,True
wildreceipt/train/image_files/Image_78/7/17b95fded75dfb42c9388a2627201f53eacf998b.jpeg,wildreceipt,train,348,348,24,True
wildreceipt/train/image_files/Image_28/14/48a94c8c73a029c61cdb3634559331bc3c4b89d6.jpeg,wildreceipt,train,263,450,52,True
wildreceipt/train/image_files/Image_88/9/251d734712cb56b971b9c5ee0a40f0545c34264c.jpeg,wildreceipt,train,426,640,46,True
wildreceipt/train/image_files/Image_69/5/1c2f2dcb64bd91066c0421cc355bba1e40758f43.jpeg,wildreceipt,train,750,1000,44,True
wildreceipt/train/image_files/Image_27/14/2554d239eca4cf10de88671cfc6e32ce30f6b92d.jpeg,wildreceipt,train,337,450,34,True
wildreceipt/train/image_files/Image_51/19/5b3fc8cafe1b673f637dcac89c96e56ce4c8e6cb.jpeg,wildreceipt,train,934,2217,39,True
wildreceipt/train/image_files/Image_73/5/cef2dfc0af6c7e608c58e9f74049e22e9daf1b3e.jpeg,wildreceipt,train,540,720,37,True
wildreceipt/train/image_files/Image_63/3/74e9804a4933ffdd04f5c543f1ab76f83fbf670a.jpeg,wildreceipt,train,338,450,35,True
wildreceipt/train/image_files/Image_69/5/0c02f6639d8b56ca1cec975a14797f6ff1b02af4.jpeg,wildreceipt,train,219,414,25,True
wildreceipt/train/image_files/Image_36/15/f267c78a6f09b9554561a6bf941542bff6e0e332.jpeg,wildreceipt,train,1840,3264,36,True
wildreceipt/train/image_files/Image_38/16/60944be9932e0f64d75de11bee2748d5835c4be5.jpeg,wildreceipt,train,337,450,40,True
wildreceipt/train/image_files/Image_65/4/3e50339623a20ba4158ec475a5e8761adc0d6c59.jpeg,wildreceipt,train,253,450,76,True
wildreceipt/train/image_files/Image_39/16/856ccd032edfdaf7eeb77d3fa0114f952feb7dce.jpeg,wildreceipt,train,338,450,33,True
wildreceipt/train/image_files/Image_7/1/5f89f678e8838a52cc560ad822873cabb6103bac.jpeg,wildreceipt,train,250,250,20,True
wildreceipt/train/image_files/Image_10/10/1d7af62e6493036f1122e98bfd3011846a56508a.jpeg,wildreceipt,train,2448,3264,86,True
wildreceipt/train/image_files/Image_67/4/a7804eb2f2f127977d3c6fbbe2eb8b505af3e58d.jpeg,wildreceipt,train,1200,1600,79,True
wildreceipt/train/image_files/Image_78/7/1751.jpeg,wildreceipt,train,428,988,86,True
wildreceipt/train/image_files/Image_1/0/28b2c4b81d580ad9d249eb4aa183fe9e09e6e7b2.jpeg,wildreceipt,validation,348,348,32,True
wildreceipt/train/image_files/Image_1/0/4a0b51498c1c61a1cf8fae2dca0739f93c8eb967.jpeg,wildreceipt,validation,500,750,60,True
wildreceipt/train/image_files/Image_41/16/e78e1719268abe5b3f0e23f44aeef78736461ea6.jpeg,wildreceipt,train,1936,2592,59,True
wildreceipt/train/image_files/Image_67/4/b7cef31c6d0875b7f333cbf48ab927f6a1b5166a.jpeg,wildreceipt,validation,253,450,36,True
wildreceipt/train/image_files/Image_38/16/4418.jpeg,wildreceipt,train,337,450,41,True
wildreceipt/train/image_files/Image_49/18/fe8c41e48d5d6dc82a12faf7e6afdbc0ae08ab5c.jpeg,wildreceipt,train,338,450,38,True
wildreceipt/train/image_files/Image_70/5/3fc137549308ca3cea6740b0f9ca92bac0cecb52.jpeg,wildreceipt,train,338,450,35,True
wildreceipt/train/image_files/Image_44/17/b2090e8ce543ea2d7c60751539cf51f7fa26c92b.jpeg,wildreceipt,train,450,450,41,True
wildreceipt/train/image_files/Image_76/6/9a1d8f0faba54e2a78101714aca6341449aba60f.jpeg,wildreceipt,train,503,800,51,True
wildreceipt/train/image_files/Image_90/9/add08012dc4167af93d5896236735f98d55fc09c.jpeg,wildreceipt,train,534,401,22,True
wildreceipt/train/image_files/Image_80/7/53d8e775d5873fe32ba1ec85b518140b7a9577cf.jpeg,wildreceipt,train,219,450,23,True
wildreceipt/train/image_files/Image_88/9/22bf3bb0bfe2b2fc63e199ad616f0a3146ff8f32.jpeg,wildreceipt,validation,348,348,41,True
wildreceipt/train/image_files/Image_90/9/7ca9b7879c80c0226df3d5afe6fc5fa464f40869.jpeg,wildreceipt,train,2250,3000,21,True
wildreceipt/train/image_files/Image_9/1/bec86e307e07d0fcf015b60dc046e9609bc21c37.jpeg,wildreceipt,train,1200,1600,34,True
wildreceipt/train/image_files/Image_23/13/55f624b505e49e4bec8993810feca52465a07449.jpeg,wildreceipt,train,338,450,58,True
wildreceipt/train/image_files/Image_32/15/10a353ab7a8ae2fb4445013ad20a2a25bcb7d4f9.jpeg,wildreceipt,validation,559,900,30,True
wildreceipt/train/image_files/Image_5/1/046f96661b0b035fa1500cb6094a6511d5122e41.jpeg,wildreceipt,validation,236,371,26,True
wildreceipt/train/image_files/Image_8/1/764b6cf50e5f5f8987498ef037c84a22cf9cf805.jpeg,wildreceipt,train,640,690,33,True
wildreceipt/train/image_files/Image_2/0/77320e371cfe09296e23be9e0c1c9c73317e2dec.jpeg,wildreceipt,train,337,450,36,True
wildreceipt/train/image_files/Image_2/0/89f720af7a86974c7c4b4c36e41eab5953b69cb8.jpeg,wildreceipt,validation,450,450,26,True
wildreceipt/train/image_files/Image_19/12/6a04d01795598db29fdfc9c29be1d86e8269bb11.jpeg,wildreceipt,validation,450,338,29,True
wildreceipt/train/image_files/Image_45/17/e7a85463e3125f8d344e830424010b8f0e726331.jpeg,wildreceipt,train,463,361,19,True
wildreceipt/train/image_files/Image_87/8/fb2d8c1df0ae0cc0d4b02d3b7350ff4509bdc152.jpeg,wildreceipt,validation,338,450,38,True
wildreceipt/train/image_files/Image_31/14/c63ac7cfbd2b118a0b8bcaeeb787d2047bf99efe.jpeg,wildreceipt,train,700,1760,124,True
wildreceipt/train/image_files/Image_40/16/a03eb531cf0476ab3e5066879a92979fdb43f72f.jpeg,wildreceipt,validation,480,800,36,True
wildreceipt/train/image_files/Image_64/4/04ab71992f3d4e4a0cdb0d3383e8c5ee7f99c7e6.jpeg,wildreceipt,train,337,450,36,True
wildreceipt/train/image_files/Image_89/9/4889b959e86b9a9f02ea55affaf13e4543370a56.jpeg,wildreceipt,train,900,1600,224,True
wildreceipt/train/image_files/Image_60/20/ec7e875fe52832fea2637edab71541b279d2cfe5.jpeg,wildreceipt,train,338,450,30,True
wildreceipt/train/image_files/Image_15/11/50291a1489de0c1c771bc07a72daa7438193bf51.jpeg,wildreceipt,train,338,450,30,True
wildreceipt/train/image_files/Image_53/2/14f2a7da5e3b07a8bdbbe632ef42668bbdf2fc6c.jpeg,wildreceipt,train,1520,2688,33,True
wildreceipt/train/image_files/Image_84/8/4121.jpeg,wildreceipt,validation,348,348,31,True
wildreceipt/train/image_files/Image_9/1/c2907f994170a7ef093169eba37ed8a4b31fdcec.jpeg,wildreceipt,validation,400,768,24,True
wildreceipt/train/image_files/Image_23/13/6446e941fcb7724145234865929a2d80428ec865.jpeg,wildreceipt,validation,680,907,37,True
wildreceipt/train/image_files/Image_65/4/2872.jpeg,wildreceipt,train,480,639,38,True
wildreceipt/train/image_files/Image_37/16/1ca5601bc2f62a22e657d727868e13e83a77c84c.jpeg,wildreceipt,validation,338,450,43,True
wildreceipt/train/image_files/Image_59/20/a266ab17cc46cc39cb4c4d528757ee57ba9f35b6.jpeg,wildreceipt,train,338,450,31,True
wildreceipt/train/image_files/Image_74/6/3693.jpeg,wildreceipt,train,300,400,27,True
wildreceipt/train/image_files/Image_69/5/1ac66fc5272345ac88d821bddaddd8bbf3db7cb2.jpeg,wildreceipt,train,348,348,33,True
wildreceipt/train/image_files/Image_87/8/fb792aeae67ffb52f9a2f31004c4478abb0ca0f7.jpeg,wildreceipt,train,348,348,24,True
wildreceipt/train/image_files/Image_68/4/ed4f0504910616804e20f36fd6e4f94eca1041b2.jpeg,wildreceipt,train,300,300,28,True
wildreceipt/train/image_files/Image_76/6/819a724c7a241efc6ad025ac2430a5833056c761.jpeg,wildreceipt,train,1079,1440,39,True
wildreceipt/train/image_files/Image_35/15/c12ab1ed412fe6f21d766092311044a4b7b9b889.jpeg,wildreceipt,train,338,450,38,True
wildreceipt/train/image_files/Image_3/0/c4a32a4e7c4f6a89454b1d14c704871e5d650d4c.jpeg,wildreceipt,train,322,470,47,True
wildreceipt/train/image_files/Image_3/0/afd0b019dfa5d3f6e9face207a963363a5be35cb.jpeg,wildreceipt,train,457,1063,40,True
wildreceipt/train/image_files/Image_35/15/d193fe631de069b1609d4e2de4d7103090c6d9ee.jpeg,wildreceipt,train,338,450,43,True
wildreceipt/train/image_files/Image_87/8/e3af47cf994c23154823ed81fa0e10ff9306f42b.jpeg,wildreceipt,train,338,450,33,True
wildreceipt/train/image_files/Image_23/13/43a9c2cc9127cb16be0b836cae8f6118ea9fed90.jpeg,wildreceipt,validation,1224,1632,40,True
wildreceipt/train/image_files/Image_13/10/f054e657261f15feafa3fc38286af51ac6bf2288.jpeg,wildreceipt,train,675,900,50,True
wildreceipt/train/image_files/Image_30/14/9980d05e804c5631b556a9304e3878c2378609f0.jpeg,wildreceipt,train,450,450,36,True
wildreceipt/train/image_files/Image_54/2/38809a136384c61d4f63a3e9fc5b0cfc38a019a8.jpeg,wildreceipt,train,375,500,29,True
wildreceipt/train/image_files/Image_64/4/0a7d81bc909dbfb5da72c30f4f747d601271c8a7.jpeg,wildreceipt,train,750,1000,31,True
wildreceipt/train/image_files/Image_22/12/ecb782b38a6fa4fcc5fcbff0abad3d7008f70b2f.jpeg,wildreceipt,train,390,744,27,True
wildreceipt/train/image_files/Image_20/12/c0d6d7ecf9375a2e0658118880640287340eff13.jpeg,wildreceipt,validation,768,1024,39,True
wildreceipt/train/image_files/Image_18/12/1bb87a4e4d6c64a067f76d70865cd075f509fd83.jpeg,wildreceipt,validation,540,720,46,True
wildreceipt/train/image_files/Image_18/12/2503.jpeg,wildreceipt,train,348,348,34,True
wildreceipt/train/image_files/Image_74/6/4172.jpeg,wildreceipt,train,480,358,26,True
wildreceipt/train/image_files/Image_62/3/5d559e3c6a4a19a793445e292b4e8412093c6094.jpeg,wildreceipt,train,750,1000,45,True
wildreceipt/train/image_files/Image_20/12/b706ef9048d86b37467e3ab17b873e300af498c8.jpeg,wildreceipt,validation,338,450,52,True
wildreceipt/train/image_files/Image_78/7/1319.jpeg,wildreceipt,train,337,450,28,True
wildreceipt/train/image_files/Image_90/9/7c5a9ac13899f96b70f65c4ab2888e28e5065397.jpeg,wildreceipt,train,338,450,22,True
wildreceipt/train/image_files/Image_52/19/b8207d8eed4b2262bcb211fe09379ab7f8767951.jpeg,wildreceipt,train,337,450,40,True
wildreceipt/train/image_files/Image_91/9/b26666cadc6ca4c5f713b9791478eae6c2451c65.jpeg,wildreceipt,train,253,450,32,True
wildreceipt/train/image_files/Image_70/5/3a44a9926c869ddf3181ea32d813165b0e3a0f2f.jpeg,wildreceipt,train,250,250,34,True
wildreceipt/train/image_files/Image_30/14/90028d1026895ffb34b524ffaaf7572e75aaf7a3.jpeg,wildreceipt,train,186,373,25,True
wildreceipt/train/image_files/Image_58/20/7860f75b17bcd837f069337e67a2587c13c7c061.jpeg,wildreceipt,train,338,450,28,True
wildreceipt/train/image_files/Image_16/11/dbb0ad4d85a3104ac51442293049561e4cbac207.jpeg,wildreceipt,train,338,450,32,True
wildreceipt/train/image_files/Image_81/7/70b7bae68315faa3a08981b3ea5e7e0ff12d9c1e.jpeg,wildreceipt,train,337,450,36,True
wildreceipt/train/image_files/Image_51/19/7421366a49403c25c6c2652a09764c99b581c19e.jpeg,wildreceipt,train,338,450,49,True
wildreceipt/train/image_files/Image_41/16/fb8cdde49ad8ff858fd6028e262fb00a9deee792.jpeg,wildreceipt,train,338,450,47,True
wildreceipt/train/image_files/Image_86/8/b449ef7611ce6e73caa248d92a7e89d5ad487384.jpeg,wildreceipt,train,243,300,51,True
wildreceipt/train/image_files/Image_22/13/1ec05f9db399c3a087e193a24b17b4bce8956f8a.jpeg,wildreceipt,train,338,450,38,True
wildreceipt/train/image_files/Image_36/15/ed83844cad03bd2e824af1a38b438a2a87f532c8.jpeg,wildreceipt,train,2448,3264,50,True
wildreceipt/train/image_files/Image_10/10/1dde06959841388e68bd28dcf3fac2bda6220f17.jpeg,wildreceipt,train,900,1600,58,True
wildreceipt/train/image_files/Image_50/19/4e8c7822f75ff3e20df96a4770c0965714d16f6b.jpeg,wildreceipt,train,250,250,19,True
wildreceipt/train/image_files/Image_8/1/76130fd098b750629e1d6f702a4b79cf53b68881.jpeg,wildreceipt,validation,578,1034,30,True
wildreceipt/train/image_files/Image_44/17/c595e433d7051a2d69094ba4e31b982050407a4d.jpeg,wildreceipt,validation,338,450,55,True
wildreceipt/train/image_files/Image_28/14/4c8ef1aec743ffbc5d54225affc283c58c9fd0e2.jpeg,wildreceipt,validation,438,963,76,True
wildreceipt/train/image_files/Image_11/10/4dc8a23e7c4fcb461a308980764576e56fdcbaf8.jpeg,wildreceipt,validation,600,600,23,True
wildreceipt/train/image_files/Image_17/11/f97d2916ab5232eb2541f235332c2f54606a1254.jpeg,wildreceipt,train,253,450,27,True
wildreceipt/train/image_files/Image_86/8/8445c8a82937467537beb8f6dac6df27da774c29.jpeg,wildreceipt,validation,306,780,42,True
wildreceipt/train/image_files/Image_22/12/ec0b9b3ddaa3006a918a38476533149004a061a9.jpeg,wildreceipt,train,750,1000,45,True
wildreceipt/train/image_files/Image_75/6/708c8166e7333dfb8e5e6340738542b7095769fa.jpeg,wildreceipt,train,1200,801,27,True
wildreceipt/train/image_files/Image_66/4/563a2dbda7bda17e8ab7b4e9931a46e0cca6c7da.jpeg,wildreceipt,train,600,600,67,True
wildreceipt/train/image_files/Image_31/14/d0d54195bfb55d714ab0f9e81fdcfc42e9e7ac4f.jpeg,wildreceipt,train,251,450,60,True
wildreceipt/train/image_files/Image_81/7/a4ec229444a8acb7800b7e10696d0901beae8f68.jpeg,wildreceipt,validation,266,500,30,True
wildreceipt/train/image_files/Image_50/19/507bf49f3c2028b84df1b7343d34bd3331cbf8ce.jpeg,wildreceipt,train,250,250,26,True
wildreceipt/train/image_files/Image_89/9/4617b21124e44bab77b5cdd0eb6f8295a402c483.jpeg,wildreceipt,train,768,941,56,True
wildreceipt/train/image_files/Image_28/14/47494b67389d2b2286df3e88ff6e99fe9aa8935b.jpeg,wildreceipt,train,345,252,31,True
wildreceipt/train/image_files/Image_81/7/a64aabf4996197ff1ba3f96f3f56db32facd8047.jpeg,wildreceipt,train,894,1024,27,True
wildreceipt/train/image_files/Image_41/16/e703e83db9356bd088a20d69a79816954d83386c.jpeg,wildreceipt,train,750,1000,36,True
wildreceipt/train/image_files/Image_90/9/ac6f705de1ad115c735be68adaabc28ad7862286.jpeg,wildreceipt,validation,348,348,24,True
wildreceipt/train/image_files/Image_21/12/d089f45b0160ad18b9ba385e1240b236cacd75fe.jpeg,wildreceipt,validation,713,1000,34,True
wildreceipt/train/image_files/Image_77/6/a6673d0f2e5edd3971d9e4bbfe85177c4eaea921.jpeg,wildreceipt,train,348,348,34,True
wildreceipt/train/image_files/Image_77/7/00aaa73a6b3b5015126cd448bfb088b5891da69d.jpeg,wildreceipt,train,306,505,41,True
wildreceipt/train/image_files/Image_20/12/798bc41b5a103ae7e9f22a00fc84446fb4ec72dc.jpeg,wildreceipt,train,219,450,34,True
wildreceipt/train/image_files/Image_64/3/fff1fab1f4f66d8c47d1847ae54f6c37b3115ae9.jpeg,wildreceipt,validation,750,1000,47,True
wildreceipt/train/image_files/Image_13/10/d2eda3efbe69cc59419f05b28d7bfd430b1a4ff9.jpeg,wildreceipt,train,348,348,33,True
wildreceipt/train/image_files/Image_30/14/8503cfb680699909a3a9fc00eee9a3041ddb4d8f.jpeg,wildreceipt,train,750,1000,28,True
wildreceipt/train/image_files/Image_29/14/7645f1a8f7df6c4c1e8bfbf78cc4bb0a29976e8e.jpeg,wildreceipt,train,3264,2448,14,True
wildreceipt/train/image_files/Image_87/8/c04a57508f6d3da61c3ed86c845d33df1c4e255d.jpeg,wildreceipt,train,750,1000,50,True
wildreceipt/train/image_files/Image_89/9/354387564973d45f7230db32c18d9b8fab6076f0.jpeg,wildreceipt,train,639,771,30,True
wildreceipt/train/image_files/Image_91/9/c338ace1ed7cdf1a275091d4fceab06776f70fd9.jpeg,wildreceipt,train,338,450,46,True
wildreceipt/train/image_files/Image_66/4/616d8869693935fc3523086e9c0cb6c4ca15c5e2.jpeg,wildreceipt,train,1022,1570,33,True
wildreceipt/train/image_files/Image_32/15/0b4d75232a1bea39c670aa6551a81844e19d68fa.jpeg,wildreceipt,train,2448,3264,38,True
wildreceipt/train/image_files/Image_44/17/a657b9b2fb3ae35905d0da9eceb4e148a88e5dd8.jpeg,wildreceipt,validation,500,667,142,True
wildreceipt/train/image_files/Image_78/7/00cad97566f25e5a87a06372e10bea68cfe94cc5.jpeg,wildreceipt,train,2988,5312,51,True
wildreceipt/train/image_files/Image_81/7/7017db760b04c41adffeacfbe0ce82754e27c20f.jpeg,wildreceipt,train,1000,750,14,True
wildreceipt/train/image_files/Image_23/13/6267af927c0a96b3b152ebaee8928d38e4e4798d.jpeg,wildreceipt,train,1185,1580,51,True
wildreceipt/train/image_files/Image_36/15/f3197cd8604f987b456077f741d9390a21f35554.jpeg,wildreceipt,validation,300,560,45,True
wildreceipt/train/image_files/Image_41/16/fdbbf0437b9834586a93e9ff11f7803035555547.jpeg,wildreceipt,train,750,1000,35,True
wildreceipt/train/image_files/Image_33/15/538b203ea24e6be172641169605976dbb016a868.jpeg,wildreceipt,validation,613,1024,57,True
wildreceipt/train/image_files/Image_38/16/47112076abdd71a652c4e9c5dbf7d1511b7fe025.jpeg,wildreceipt,train,229,450,50,True
wildreceipt/train/image_files/Image_16/11/c1d1eb0909f103e4775b08f036d32bc6261c101f.jpeg,wildreceipt,train,277,450,35,True
wildreceipt/train/image_files/Image_15/11/9b8fa37d3e44c7e0b5670d3d2dd282fd6f5c202a.jpeg,wildreceipt,train,350,467,37,True
wildreceipt/train/image_files/Image_66/4/63e7c208eb76f7247d5feb1e46416cfc4512a2e5.jpeg,wildreceipt,train,672,2192,34,True
wildreceipt/train/image_files/Image_79/7/3b580cb6ae1f2a58bd043e7ecdd05e78416de4aa.jpeg,wildreceipt,train,1155,1600,41,True
wildreceipt/train/image_files/Image_8/1/6991124a8243385547a1b9f9a9da310cfe1f3d04.jpeg,wildreceipt,train,338,450,38,True
wildreceipt/train/image_files/Image_62/3/292f5d892a75f712c52ffd252ca2d9e59c780070.jpeg,wildreceipt,train,920,1232,22,True
wildreceipt/train/image_files/Image_62/3/3629.jpeg,wildreceipt,train,375,500,31,True
wildreceipt/train/image_files/Image_33/15/36c621a518540b671481a8f6c2a01f36922fc510.jpeg,wildreceipt,train,338,450,54,True
wildreceipt/train/image_files/Image_18/12/2ec3ed6a3bbc991b037596f635570e25ce878460.jpeg,wildreceipt,train,338,450,41,True
wildreceipt/train/image_files/Image_34/15/841bc5fdbd71557014745a6dfe81bcd84a17871b.jpeg,wildreceipt,train,337,450,52,True
wildreceipt/train/image_files/Image_8/1/8de4e68315173ac6838eb37539058e1abac621d5.jpeg,wildreceipt,validation,338,450,46,True
wildreceipt/train/image_files/Image_4/0/f0e975717e3b01228c68ed1d366f93ebdd00c82f.jpeg,wildreceipt,train,600,416,14,True
wildreceipt/train/image_files/Image_82/7/cb84ad62c9948b37d200fd9eeda9a2ee150e3ca4.jpeg,wildreceipt,train,216,305,28,True
wildreceipt/train/image_files/Image_9/1/bf1ce8ea6d4ba229a2df0048b41a316943fa3af5.jpeg,wildreceipt,train,756,1000,47,True
wildreceipt/train/image_files/Image_78/7/2372aea0a590d4c2a4f4bfc9bb5b189ebef78307.jpeg,wildreceipt,train,338,450,40,True
wildreceipt/train/image_files/Image_6/1/3232a84a620963a4d3b7b4381d9e6035e2b57b24.jpeg,wildreceipt,validation,550,1124,44,True
wildreceipt/train/image_files/Image_79/7/3258.jpeg,wildreceipt,train,348,348,44,True
wildreceipt/train/image_files/Image_7/1/4314.jpeg,wildreceipt,train,320,429,27,True
wildreceipt/train/image_files/Image_8/1/7642925c3b423a5af8426c1d53640c1ddc7eb4b2.jpeg,wildreceipt,train,562,1000,55,True
wildreceipt/train/image_files/Image_67/4/acb48a86efabfb4414dd3ae1312fecf533ead35f.jpeg,wildreceipt,train,612,1024,37,True
wildreceipt/train/image_files/Image_6/1/1808.jpeg,wildreceipt,train,348,348,23,True
wildreceipt/train/image_files/Image_28/14/39042dc9ebd672d287fe4c4cdf8a904ca5cea663.jpeg,wildreceipt,train,554,1226,52,True
wildreceipt/train/image_files/Image_46/18/30e6ad884fda9cd6ba24da081c3bc67f8acaca5c.jpeg,wildreceipt,validation,2322,4128,45,True
wildreceipt/train/image_files/Image_22/12/f2a907d24fce0a3e1477b5335207672f0005154d.jpeg,wildreceipt,train,1600,1199,35,True
wildreceipt/train/image_files/Image_7/1/4a7b3f681c2bd2f6c944d40d3bc1e89b23004aa7.jpeg,wildreceipt,validation,626,626,43,True
wildreceipt/train/image_files/Image_43/17/91829968fb0b83fe5e48e2a988248c46980edd1c.jpeg,wildreceipt,train,319,500,53,True
wildreceipt/train/image_files/Image_82/7/c94b312176dad018c5214a655282a02cd894172d.jpeg,wildreceipt,train,316,294,31,True
wildreceipt/train/image_files/Image_27/14/20395baddac834b42eff90d520f8671af04dbfca.jpeg,wildreceipt,train,545,727,37,True
wildreceipt/train/image_files/Image_44/17/a6e98064565647399daa82f3d11f5da9221047a4.jpeg,wildreceipt,train,400,300,41,True
wildreceipt/train/image_files/Image_74/6/3691.jpeg,wildreceipt,train,316,450,35,True
wildreceipt/train/image_files/Image_66/4/523d6153dc468920b17f659f214960f9a72fb0a3.jpeg,wildreceipt,validation,750,1000,23,True
wildreceipt/train/image_files/Image_66/4/5e10e462a27fd26c9c321b7e7eb155131d673b64.jpeg,wildreceipt,train,2448,3264,31,True
wildreceipt/train/image_files/Image_85/8/6ca1076f448a364c9bf765ca938443d254f44d4a.jpeg,wildreceipt,train,338,450,40,True
wildreceipt/train/image_files/Image_61/3/1641529e4933ca870600a3ce85559f8f858f3c8c.jpeg,wildreceipt,train,249,350,60,True
wildreceipt/train/image_files/Image_81/7/856.jpeg,wildreceipt,train,750,1000,43,True
wildreceipt/train/image_files/Image_71/5/55a354317fcc55cb7d7496fdfa458854de882c09.jpeg,wildreceipt,train,338,450,71,True
wildreceipt/train/image_files/Image_64/4/0cb17ebabf8da95d528e226e9b52bb85d147892a.jpeg,wildreceipt,train,750,1000,36,True
wildreceipt/train/image_files/Image_54/2/57f85c492df38d20d65dc0bab59a110ccc3a6c99.jpeg,wildreceipt,train,253,450,82,True
wildreceipt/train/image_files/Image_47/18/629.jpeg,wildreceipt,validation,348,348,33,True
wildreceipt/train/image_files/Image_50/19/3f85e809f8ae90a11ac66f2fb4561c6a9d7b38fa.jpeg,wildreceipt,validation,338,450,20,True
wildreceipt/train/image_files/Image_24/13/8ecf2f4c404566eee3c67395b0c23d22e88fde95.jpeg,wildreceipt,train,480,480,21,True
wildreceipt/train/image_files/Image_9/1/c196a1f2da65ea5b6938a4ece2620d84eb5b8af7.jpeg,wildreceipt,validation,670,1389,84,True
wildreceipt/train/image_files/Image_30/14/9229c070258bfbaba8198b3653ef4ad7d0065c48.jpeg,wildreceipt,train,550,412,46,True
wildreceipt/train/image_files/Image_69/5/1bf2033b7222d04778487162c705b06427b62f04.jpeg,wildreceipt,train,248,450,36,True
wildreceipt/train/image_files/Image_24/13/ab3fb69831463e985dd696826c61f66629038c87.jpeg,wildreceipt,train,338,450,30,True
wildreceipt/train/image_files/Image_48/18/e491e7f56dd60e9bd7355ec0a0c38bae38aa93ae.jpeg,wildreceipt,train,338,450,39,True
wildreceipt/train/image_files/Image_53/19/f0195501393489cb7ec167847fc474a585921def.jpeg,wildreceipt,train,300,400,42,True
wildreceipt/train/image_files/Image_4/0/ccadacb81380e978c8e9ee286728e74a86a185f8.jpeg,wildreceipt,validation,624,880,40,True
wildreceipt/train/image_files/Image_89/9/313c6dd27e4204c02671df80eedb01fb122acf4a.jpeg,wildreceipt,train,222,450,44,True
wildreceipt/train/image_files/Image_56/2/cc76b8541600ba76c2284abd3220e848f252cb2c.jpeg,wildreceipt,validation,350,768,81,True
wildreceipt/train/image_files/Image_66/4/5388e94b17e0bfa71d7f2018181ec9d24736148a.jpeg,wildreceipt,train,540,960,40,True
wildreceipt/train/image_files/Image_68/5/0877edc4360d7e81bcbaa86656250ceb67943506.jpeg,wildreceipt,validation,540,960,41,True
wildreceipt/train/image_files/Image_83/8/2383.jpeg,wildreceipt,train,348,348,27,True
wildreceipt/train/image_files/Image_70/5/2d8f955b8268cceaee51157f56b1308d21b73fa5.jpeg,wildreceipt,train,600,597,30,True
wildreceipt/train/image_files/Image_87/8/e57020c9e966be7cbd6a983b9178b87c1e68f347.jpeg,wildreceipt,train,750,1000,39,True
wildreceipt/train/image_files/Image_31/14/c1bb9436b790d5e06a71b1d4cb98faad20c0341c.jpeg,wildreceipt,validation,338,450,31,True
wildreceipt/train/image_files/Image_48/18/8b7bfc6e884edf4d6b23dc8e4dfde53a8c79e921.jpeg,wildreceipt,train,450,450,83,True
wildreceipt/train/image_files/Image_52/19/8f4600e1f4ad7565604b1813b7139b61f5e75e13.jpeg,wildreceipt,train,1536,2048,35,True
wildreceipt/train/image_files/Image_67/4/97cd44bbb2b2126f7b119f5bdd66842283d85c65.jpeg,wildreceipt,train,650,564,28,True
wildreceipt/train/image_files/Image_19/12/502611480438adccfa46e5c36fa67f5bedc579bf.jpeg,wildreceipt,train,750,1000,26,True
wildreceipt/train/image_files/Image_39/16/724c3236258b6e00eb8fb9286556878da55a6fb5.jpeg,wildreceipt,train,1200,1600,74,True
wildreceipt/train/image_files/Image_57/20/135.jpeg,wildreceipt,train,750,1000,72,True
wildreceipt/train/image_files/Image_73/5/d9cebf6dbd935d42043bbf3413d82170b6cdb1bf.jpeg,wildreceipt,train,339,450,37,True
wildreceipt/train/image_files/Image_87/8/ecf844f930c8cf009cf4fbd91c96d103420910fc.jpeg,wildreceipt,validation,750,1000,28,True
wildreceipt/train/image_files/Image_5/1/161.jpeg,wildreceipt,train,1200,1600,47,True
wildreceipt/train/image_files/Image_63/3/c7cdd69b06e27ceb9d7ed7aa74222e7fb664a5a6.jpeg,wildreceipt,train,337,450,41,True
wildreceipt/train/image_files/Image_38/16/2d7b92b4336913910d290298f1bfdb472148c96c.jpeg,wildreceipt,train,450,450,24,True
wildreceipt/train/image_files/Image_1/0/52e67361210f704a494932004da3336a9607785b.jpeg,wildreceipt,train,607,612,31,True
wildreceipt/train/image_files/Image_62/3/4350.jpeg,wildreceipt,train,534,401,22,True
wildreceipt/train/image_files/Image_41/16/d4a32f62ddfa1216fc9707cc5dfa7d0b96dad7d2.jpeg,wildreceipt,train,270,360,49,True
wildreceipt/train/image_files/Image_74/6/2a2c8310af1abaf8a53a75f5aabc75289807a646.jpeg,wildreceipt,train,338,450,48,True
wildreceipt/train/image_files/Image_87/8/cf1aae3a3a98e3432cf91a1a8dffe57677bcf014.jpeg,wildreceipt,train,348,348,30,True
wildreceipt/train/image_files/Image_6/1/1cb70eb5e58328a0cb1a593d8c930a40a6d800f4.jpeg,wildreceipt,train,250,250,27,True
wildreceipt/train/image_files/Image_49/19/1d5c6d67196a9079e3867842f435c23734a6ebb7.jpeg,wildreceipt,train,338,450,32,True
wildreceipt/train/image_files/Image_65/4/296aa00ce08a9373af54bfc75e569bb16f7a552d.jpeg,wildreceipt,train,253,450,41,True
wildreceipt/train/image_files/Image_7/1/480723a716e2e52192bf3f268be25176dc4eeb32.jpeg,wildreceipt,train,1205,2672,106,True
wildreceipt/train/image_files/Image_59/20/a1c43f6c632841c318af73fd876e24d49f022074.jpeg,wildreceipt,train,2304,3072,41,True
wildreceipt/train/image_files/Image_24/13/a1c82716a38f4195161f44330ede9c587ef9b0de.jpeg,wildreceipt,train,262,504,21,True
wildreceipt/train/image_files/Image_62/3/3078.jpeg,wildreceipt,train,400,533,35,True
wildreceipt/train/image_files/Image_75/6/521cf5831107619b47e47883ee8f2d7d13527f6e.jpeg,wildreceipt,train,1024,768,38,True
wildreceipt/train/image_files/Image_67/4/994526ac33f6be2a68c1412fd84668604b695f8a.jpeg,wildreceipt,train,750,1000,76,True
wildreceipt/train/image_files/Image_79/7/2a92c61dd5c07eccb7b8d9ec84e423c1820bab9c.jpeg,wildreceipt,validation,299,698,66,True
wildreceipt/train/image_files/Image_4/0/dffb44e73c511f78dea03528a40841bfd9e71f11.jpeg,wildreceipt,train,750,1000,45,True
wildreceipt/train/image_files/Image_23/13/660c7c4c97e529317102a0e303fced459e055d5c.jpeg,wildreceipt,train,338,450,36,True
wildreceipt/train/image_files/Image_77/6/f1da43c47aea4699fd877de0ecdd8dfc5c63b36d.jpeg,wildreceipt,train,550,309,23,True
wildreceipt/train/image_files/Image_69/5/187454e68131c8f1c597cfc0a49158df2fdf9543.jpeg,wildreceipt,train,2577,3001,35,True
wildreceipt/train/image_files/Image_14/11/26d77764efdb6995888889a0d1bf7bf12b117027.jpeg,wildreceipt,train,562,1000,37,True
wildreceipt/train/image_files/Image_86/8/a1c677a97afe1caa4f5f434f82b9e3ada742e834.jpeg,wildreceipt,validation,338,450,37,True
wildreceipt/train/image_files/Image_88/9/1805ea4ded42dabaad55f24eedcee85607b7b5ab.jpeg,wildreceipt,train,450,450,39,True
wildreceipt/train/image_files/Image_54/2/2ab175a771db316f2684e13d7bf3ceb74c10f621.jpeg,wildreceipt,train,387,450,21,True
wildreceipt/train/image_files/Image_56/2/d506c2c63729283a4d21a1c6e128ddbb08070c39.jpeg,wildreceipt,validation,338,450,29,True
wildreceipt/train/image_files/Image_41/16/ed76ed274d8d54956d40f9d23f840f6a87bcfe59.jpeg,wildreceipt,train,1200,1600,32,True
wildreceipt/train/image_files/Image_85/8/4756e32b50b54d2b154bbbf72a3184a17bdb22c1.jpeg,wildreceipt,train,840,960,46,True
wildreceipt/train/image_files/Image_51/19/550.jpeg,wildreceipt,validation,750,1000,62,True
wildreceipt/train/image_files/Image_2/0/838577d85fcd3674935d5ac0bdc0299f5d2caee3.jpeg,wildreceipt,train,338,450,64,True
wildreceipt/train/image_files/Image_35/15/cb0cd96923cb95f4f0ae76ea3560385b654379af.jpeg,wildreceipt,validation,253,450,35,True
wildreceipt/train/image_files/Image_13/10/a1689598c735fcd5fbed4e8bc0b756bf876b1411.jpeg,wildreceipt,train,750,1000,30,True
wildreceipt/train/image_files/Image_72/5/9be42b8c336b354e48154e531d2b41f50532c434.jpeg,wildreceipt,train,338,450,42,True
wildreceipt/train/image_files/Image_83/7/f2cf39709c49bd6305427bb068bc0cc771e554fd.jpeg,wildreceipt,validation,637,888,70,True
wildreceipt/train/image_files/Image_42/17/28282222ba1194d4d8603b0f3e8c001c40350e08.jpeg,wildreceipt,validation,720,960,33,True
wildreceipt/train/image_files/Image_29/14/71eae4c711f11a750b5a524d06551bbed120f32e.jpeg,wildreceipt,train,750,1000,40,True
wildreceipt/train/image_files/Image_45/18/165d67e579cc7172f6529d2e03e8d1ede96e17bb.jpeg,wildreceipt,train,2000,3611,172,True
wildreceipt/train/image_files/Image_81/7/8fb2bc6deb77a00b18512fdef91264f9ed1b7f79.jpeg,wildreceipt,train,450,450,46,True
wildreceipt/train/image_files/Image_44/17/a43f4c05e451f3a1b6d691cccea4c09d571c8726.jpeg,wildreceipt,validation,348,348,49,True
wildreceipt/train/image_files/Image_64/4/1f1de6f6ffeed85ac7fcdff8e845c845aa0d277c.jpeg,wildreceipt,train,720,960,101,True
wildreceipt/train/image_files/Image_85/8/48f03bb23b5ddca251a22318c94d0344b9ac42ea.jpeg,wildreceipt,train,253,450,36,True
wildreceipt/train/image_files/Image_59/20/cdacc66186c703bf0236f344dd5167a5e4195160.jpeg,wildreceipt,train,240,320,28,True
wildreceipt/train/image_files/Image_12/10/6d36fc3104e29d3a8d88ba61c77df6ddf70f617a.jpeg,wildreceipt,train,336,450,28,True
wildreceipt/train/image_files/Image_4/0/d7c5c89a22cc766a46268d4d550fd916ed7800b3.jpeg,wildreceipt,train,450,450,35,True
wildreceipt/train/image_files/Image_43/17/9cd600942967a5369f951bcc773c86350db5a0f2.jpeg,wildreceipt,train,336,450,39,True
wildreceipt/train/image_files/Image_14/11/231abb3de274f6906e942f1238dcaf0e4701bf89.jpeg,wildreceipt,train,378,450,26,True
wildreceipt/train/image_files/Image_13/10/e897b80ee14e6fa05869020119eed77f6ed050fb.jpeg,wildreceipt,train,610,724,22,True
wildreceipt/train/image_files/Image_62/3/261558d91f817a0e1123904c11faa94e625369a9.jpeg,wildreceipt,train,540,960,47,True
wildreceipt/train/image_files/Image_53/2/12789c766727eff801a3cf20fa832cc4942e3112.jpeg,wildreceipt,validation,332,768,75,True
wildreceipt/train/image_files/Image_35/15/d60ae4871a04c28c3226749d44185a40f1e6e1a4.jpeg,wildreceipt,train,1417,1600,31,True
wildreceipt/train/image_files/Image_74/6/4114.jpeg,wildreceipt,train,375,500,30,True
wildreceipt/train/image_files/Image_43/17/598aa4b8f621027f7c4045bc13b053675e701135.jpeg,wildreceipt,train,365,550,22,True
wildreceipt/train/image_files/Image_11/10/5c0095fb92d0e72d754764aab2d11530d0559f9d.jpeg,wildreceipt,train,613,1100,50,True
wildreceipt/train/image_files/Image_43/17/8d8b47094bbb97b0eb6f00124f17a17463ca1734.jpeg,wildreceipt,train,800,1049,40,True
wildreceipt/train/image_files/Image_2/0/81208198f6e2113e62076b8af8109bc8051bf122.jpeg,wildreceipt,train,337,450,35,True
wildreceipt/train/image_files/Image_56/2/f79779a8f5ca3cdd94f07116196a2b47ded6421f.jpeg,wildreceipt,train,250,250,27,True
wildreceipt/train/image_files/Image_14/11/286eb0bb824866262dcea038c24b16e5862db803.jpeg,wildreceipt,train,3816,3024,30,True
wildreceipt/train/image_files/Image_54/2/408fba512e0bfb57373766736be8220cf664b696.jpeg,wildreceipt,validation,450,450,55,True
wildreceipt/train/image_files/Image_61/3/1077.jpeg,wildreceipt,train,348,348,39,True
wildreceipt/train/image_files/Image_69/5/1d062eaabd8cbf3330a7a0946c09d20eb0cde10a.jpeg,wildreceipt,train,334,450,43,True
wildreceipt/train/image_files/Image_41/17/0fe7d374270efadbea01cfb13dc06ebfd88c415b.jpeg,wildreceipt,train,1012,1012,37,True
wildreceipt/train/image_files/Image_47/18/5cebae54f4ba09b33b1fce0e300ccb132a161297.jpeg,wildreceipt,validation,450,450,58,True
wildreceipt/train/image_files/Image_57/20/04660fb07cb6530d2a1b3dbd5eb4affccc1bb3d7.jpeg,wildreceipt,train,348,348,29,True
wildreceipt/train/image_files/Image_23/13/619818644ad5a1f18f28c77babb18ffb9c5d6bf7.jpeg,wildreceipt,train,768,873,29,True
wildreceipt/train/image_files/Image_85/8/59333b78d9def1a9d75244a13a1859d383401e1c.jpeg,wildreceipt,train,306,554,53,True
wildreceipt/train/image_files/Image_13/10/a0632d287d7918069fc9b59c17c2a11d0f99a3af.jpeg,wildreceipt,train,348,348,38,True
wildreceipt/train/image_files/Image_1/0/0ea337776eb4a57010accaf2814ea7351770819b.jpeg,wildreceipt,train,348,348,28,True
wildreceipt/train/image_files/Image_52/19/b523a01dbe40c58a96b719a7df2bd61ae9b02fa1.jpeg,wildreceipt,train,1168,1512,57,True
wildreceipt/train/image_files/Image_54/2/47249238043ac8b105430a456f0788ed8971250f.jpeg,wildreceipt,train,678,800,47,True
wildreceipt/train/image_files/Image_89/9/476e97bc3339bcc5a805b29157b7b85f060a9ea0.jpeg,wildreceipt,train,380,450,39,True
wildreceipt/train/image_files/Image_65/4/3fb1804b8445952eeb61fbb1c7a8a34c29b848db.jpeg,wildreceipt,train,253,450,34,True
wildreceipt/train/image_files/Image_62/3/5b74988dfc7f0cb1c187632fe7490be9a83e6e18.jpeg,wildreceipt,train,1023,1813,119,True
wildreceipt/train/image_files/Image_48/18/ae806fd6caff2987e58d139a646f8eb550e42e6e.jpeg,wildreceipt,train,337,450,40,True
wildreceipt/train/image_files/Image_61/3/1423.jpeg,wildreceipt,train,480,640,31,True
wildreceipt/train/image_files/Image_89/9/684f8fe48651027acfec59ff5641940de1d90475.jpeg,wildreceipt,train,250,333,40,True
wildreceipt/train/image_files/Image_54/2/42095d393dbf2a3e4ead5a65ab7dde83d53c7ad1.jpeg,wildreceipt,train,2448,3264,157,True
wildreceipt/train/image_files/Image_29/14/5c73bf17193de6f04308d30ecf7d7549459bb047.jpeg,wildreceipt,train,338,450,29,True
wildreceipt/train/image_files/Image_37/16/20e4956d866bba2882b53a22c15d2a9f695fc9e7.jpeg,wildreceipt,train,1024,683,29,True
wildreceipt/train/image_files/Image_19/12/70b9d0b7dc793c40855945fde2d236ea17a86287.jpeg,wildreceipt,validation,720,960,17,True
wildreceipt/train/image_files/Image_84/8/34.jpeg,wildreceipt,validation,500,864,38,True
wildreceipt/train/image_files/Image_77/6/a89809854e6aeeae6bab8f9f277a16960483848c.jpeg,wildreceipt,validation,1445,1936,39,True
wildreceipt/train/image_files/Image_64/3/cb97cb0521e05375c1dbea5e7459ca85a3c58f40.jpeg,wildreceipt,validation,562,1000,36,True
wildreceipt/train/image_files/Image_71/5/7ef67dd2ed524784ea0ad39904a1fa0ce77da3f0.jpeg,wildreceipt,train,384,512,36,True
wildreceipt/train/image_files/Image_68/5/021beb3db61de372cdc5c67a937aa7fa38d50730.jpeg,wildreceipt,train,2448,3264,97,True
wildreceipt/train/image_files/Image_64/4/2573.jpeg,wildreceipt,validation,348,348,36,True
wildreceipt/train/image_files/Image_12/10/8cce8001fa182832dfb92750ebb4484e6ccf840c.jpeg,wildreceipt,train,338,450,39,True
wildreceipt/train/image_files/Image_49/19/25e26ee751489de43345c1cba03e949e64063544.jpeg,wildreceipt,train,2448,3264,56,True
wildreceipt/train/image_files/Image_90/9/76d510e001dffde89f5229934ef6c75b98abb80d.jpeg,wildreceipt,train,348,348,30,True
wildreceipt/train/image_files/Image_53/2/21735999db01aaa16d1de84c398c135705c63f17.jpeg,wildreceipt,train,253,450,31,True
wildreceipt/train/image_files/Image_53/2/048295bf72bf290776d20dd717c68093d0e2a8ff.jpeg,wildreceipt,train,750,1000,33,True
wildreceipt/train/image_files/Image_43/17/78473b79a2d833905fd5a5ff88a15a0fd279fb04.jpeg,wildreceipt,train,338,450,70,True
wildreceipt/train/image_files/Image_47/18/5355335c5a4e641bb7c9854dc7266bdb7dc6e21c.jpeg,wildreceipt,train,480,640,37,True
wildreceipt/train/image_files/Image_10/10/1bfb6e4e6cb469c943313ee9a7cced2a88ae1d05.jpeg,wildreceipt,train,338,450,36,True
wildreceipt/train/image_files/Image_17/12/1044aade9c0a156eceae23ad50ccfd9d3d9e1ba6.jpeg,wildreceipt,train,615,621,46,True
wildreceipt/train/image_files/Image_13/10/adfa4ca56384fa42b5829c63290ea3a747623ed3.jpeg,wildreceipt,train,640,480,23,True
wildreceipt/train/image_files/Image_69/5/143d5e8286281c7fd6a26c96daa0d9b16f7902ab.jpeg,wildreceipt,train,348,348,44,True
wildreceipt/train/image_files/Image_64/4/2132f9336e5421fc4b9d29c82551c03c7b50278a.jpeg,wildreceipt,train,508,697,37,True
wildreceipt/train/image_files/Image_11/10/6c2da20088a717fed704a30d68a245c1ee9acae4.jpeg,wildreceipt,validation,338,450,61,True
wildreceipt/train/image_files/Image_84/8/3391.jpeg,wildreceipt,train,355,640,39,True
wildreceipt/train/image_files/Image_77/6/bd8375d627999f1695333b20612bb110d1586c94.jpeg,wildreceipt,train,900,763,26,True
wildreceipt/train/image_files/Image_51/19/670897c4a0c8682598b5bcada56b29ba94206d53.jpeg,wildreceipt,train,768,1024,47,True
wildreceipt/train/image_files/Image_22/12/e7aeccad713e8821ab88e2426a23f2dff0d4503f.jpeg,wildreceipt,validation,250,250,28,True
wildreceipt/train/image_files/Image_57/20/1826.jpeg,wildreceipt,train,348,348,34,True
wildreceipt/train/image_files/Image_16/11/ced17e47a9a6812dbce6b2d923e3a0cec73888cc.jpeg,wildreceipt,train,6016,4016,36,True
wildreceipt/train/image_files/Image_55/2/94e004ff61074aaae4aeee55b571558928f392f5.jpeg,wildreceipt,train,577,1000,37,True
wildreceipt/train/image_files/Image_48/18/a255493d4b693a026367d648bf28c67be5c8ae11.jpeg,wildreceipt,validation,670,893,41,True
wildreceipt/train/image_files/Image_53/2/0ab76abe5d90a9489cf9111f6333ba9cbe1742d8.jpeg,wildreceipt,train,1200,1600,52,True
wildreceipt/train/image_files/Image_91/9/b26f08a9f76a38168de08ca3902827e069185708.jpeg,wildreceipt,validation,450,450,35,True
wildreceipt/train/image_files/Image_4/0/eabd9f022dce9d38ee5139a69dcca32be00e6579.jpeg,wildreceipt,train,450,450,32,True
wildreceipt/train/image_files/Image_64/3/e731458dcdb85db0bd859ec2d9eaa618a5f888b8.jpeg,wildreceipt,train,650,526,29,True
wildreceipt/train/image_files/Image_7/1/48f5ef030aa6cdf256c1c6595f92dee1d3510365.jpeg,wildreceipt,train,250,250,35,True
wildreceipt/train/image_files/Image_71/5/45bf5f9182bb9b648158921327c10b55842f7b85.jpeg,wildreceipt,train,529,528,28,True
wildreceipt/train/image_files/Image_88/9/289538bdb596a832fff2f9337720a671e67fbd16.jpeg,wildreceipt,validation,248,450,31,True
wildreceipt/train/image_files/Image_15/11/77557b40f8f851a52242653bcb486e71c9041ffc.jpeg,wildreceipt,train,338,450,38,True
wildreceipt/train/image_files/Image_52/19/dd21a39dba7ff5bc565efb66e6788eb011efdd1b.jpeg,wildreceipt,train,215,600,53,True
wildreceipt/train/image_files/Image_88/9/1ac6e357fa397cc5fd59ae98d719fda6a3e527de.jpeg,wildreceipt,train,300,418,49,True
wildreceipt/train/image_files/Image_72/5/c2800f34d8f0108f579d9404e6efb82ea8b3ada2.jpeg,wildreceipt,train,240,320,30,True
wildreceipt/train/image_files/Image_17/12/1088a50c55f44d4c2bcfe398a8ccb46cf48a408a.jpeg,wildreceipt,train,338,450,22,True
wildreceipt/train/image_files/Image_29/14/627bec2db41a4b0e80152c1a90bf50694d169164.jpeg,wildreceipt,train,338,450,27,True
wildreceipt/train/image_files/Image_68/5/0aa89609e5c8ac5aef8d046d77e77bd1835f7561.jpeg,wildreceipt,train,338,450,34,True
wildreceipt/train/image_files/Image_15/11/51d4b79aa2f339c278fa4be222aa6118762f8f38.jpeg,wildreceipt,train,360,480,26,True
wildreceipt/train/image_files/Image_87/8/c77ac3b65a42e5e6ed1fba501b50bf2b5d626a5c.jpeg,wildreceipt,validation,600,800,45,True
wildreceipt/train/image_files/Image_22/13/326a90947d4347e0c3fc0aa8c3da9d232ffa244b.jpeg,wildreceipt,train,862,1024,39,True
wildreceipt/train/image_files/Image_70/5/3097.jpeg,wildreceipt,train,636,703,20,True
wildreceipt/train/image_files/Image_20/12/7ac80d7cb36f113256c94f7ac1af8ecfc6be6f8c.jpeg,wildreceipt,train,348,348,39,True
wildreceipt/train/image_files/Image_42/17/2491dab8c97681f957a35da672ba53f95b8aed7e.jpeg,wildreceipt,train,348,348,28,True
wildreceipt/train/image_files/Image_90/9/af19c9a05f1077d2d94910b0247d12adf4b93254.jpeg,wildreceipt,train,750,1000,42,True
wildreceipt/train/image_files/Image_72/5/9e5d86829fb9a4f9402ff94b1c97be84a58eb1df.jpeg,wildreceipt,train,338,450,56,True
wildreceipt/train/image_files/Image_81/7/89f2d8d97bc72ece57c7daceffc66ccd0927d223.jpeg,wildreceipt,train,1200,1600,27,True
wildreceipt/train/image_files/Image_3/0/ae33bab03ae07d9b84a663d3339e5d2935bbc6be.jpeg,wildreceipt,train,2448,3264,51,True
wildreceipt/train/image_files/Image_20/12/a794a5de14bf66e1cd7ac3942364d8024b8f64c8.jpeg,wildreceipt,train,386,450,36,True
wildreceipt/train/image_files/Image_27/14/1a7941c4078a78e8e30f33d5014c7645cced7446.jpeg,wildreceipt,train,250,250,31,True
wildreceipt/train/image_files/Image_22/13/150adf191a3ea316c64856a9911f74e08a5d7b01.jpeg,wildreceipt,train,337,450,52,True
wildreceipt/train/image_files/Image_74/6/40e5104508ca0828ca65ade93678bedbc34373ae.jpeg,wildreceipt,train,550,444,44,True
wildreceipt/train/image_files/Image_30/14/7c03abbd6950178f155bb96aae2c5c0bca57fe22.jpeg,wildreceipt,train,504,1024,45,True
wildreceipt/train/image_files/Image_28/14/4ec74e8ede8f0ef8ce93d37a17cec9d412ebeb21.jpeg,wildreceipt,train,348,348,45,True
wildreceipt/train/image_files/Image_23/13/43e62b6433e2a0ade92af7d39a609848f08c0648.jpeg,wildreceipt,train,391,450,26,True
wildreceipt/train/image_files/Image_68/4/d7a2384cf7deab62a8216b014ba39a82749de31f.jpeg,wildreceipt,train,338,450,30,True
wildreceipt/train/image_files/Image_18/12/1ee8f3f7f8cbea8cee5bad181ae9afc6ce29876e.jpeg,wildreceipt,validation,337,450,25,True
wildreceipt/train/image_files/Image_29/14/6fa7699a60a85f58cdfc97ccfdf6b37d02186d40.jpeg,wildreceipt,train,1200,1600,36,True
wildreceipt/train/image_files/Image_23/13/59ef02f17b441050a7fce9f1000385cf92185b62.jpeg,wildreceipt,train,800,600,37,True
wildreceipt/train/image_files/Image_74/6/2438ce9881cb08f8300b19fd3df3eac7a94440a3.jpeg,wildreceipt,train,576,768,24,True
wildreceipt/train/image_files/Image_75/6/64c23c05a9e2e48618c0a20a76f4711ec597c3b5.jpeg,wildreceipt,train,750,1000,28,True
wildreceipt/train/image_files/Image_37/16/2675.jpeg,wildreceipt,train,1195,1600,31,True
wildreceipt/train/image_files/Image_19/12/41eba35b4bdf131bc20670b7a2d63798c07a7637.jpeg,wildreceipt,train,750,1000,40,True
wildreceipt/train/image_files/Image_80/7/4252.jpeg,wildreceipt,train,348,348,25,True
wildreceipt/train/image_files/Image_21/12/cf6058d2830327ff6998f6ebb65e143bab0c5e2f.jpeg,wildreceipt,train,634,653,20,True
wildreceipt/train/image_files/Image_15/11/82a0f972ff0f28a13a27a8e2e1f087ba99a83fa3.jpeg,wildreceipt,train,700,394,47,True
wildreceipt/train/image_files/Image_91/9/df89fe84f76624635ebbfdee8e30fa3bbcf3dd92.jpeg,wildreceipt,validation,1703,3063,30,True
wildreceipt/train/image_files/Image_31/14/c06624ffea85f8f243b535d5db98d074bb29bb7c.jpeg,wildreceipt,validation,800,600,57,True
wildreceipt/train/image_files/Image_11/10/569bbc7c0070853ceba8b9fe2e367f6d31004666.jpeg,wildreceipt,train,531,1000,32,True
wildreceipt/train/image_files/Image_57/20/338a3e168f6fa1b01c7fd7c22ad1d5c4e825f503.jpeg,wildreceipt,train,768,1024,42,True
wildreceipt/train/image_files/Image_22/13/145.jpeg,wildreceipt,validation,1200,1600,63,True
wildreceipt/train/image_files/Image_76/6/97ca9666a9d4652e31169c1cc1570003222a3923.jpeg,wildreceipt,train,750,1000,28,True
wildreceipt/train/image_files/Image_46/18/3166.jpeg,wildreceipt,train,665,886,28,True
wildreceipt/train/image_files/Image_19/12/641157bd608f328368cd8dba90d8003a315daeff.jpeg,wildreceipt,train,1600,1200,24,True
wildreceipt/train/image_files/Image_90/9/6cf24379a4653e02e710fd99c05771b7665703d1.jpeg,wildreceipt,train,338,450,38,True
wildreceipt/train/image_files/Image_64/3/eabffc0699dd1b8fceb3eb773abd64b0cb17adb5.jpeg,wildreceipt,train,338,450,32,True
wildreceipt/train/image_files/Image_20/12/c2b1bf1c4f8290c895a23f5fbafde76be45d0aef.jpeg,wildreceipt,validation,402,595,21,True
wildreceipt/train/image_files/Image_27/14/2c982be327d5b5c0f4023e0461bdca41662bfc2e.jpeg,wildreceipt,validation,506,900,40,True
wildreceipt/train/image_files/Image_62/3/48cd5bccda64fa8a4397fe4d510f6cb8196bb09c.jpeg,wildreceipt,train,550,412,63,True
wildreceipt/train/image_files/Image_38/16/4e43fdfd93cfe5a801b1ff2092f8b0b5bef8aff9.jpeg,wildreceipt,validation,564,961,46,True
wildreceipt/train/image_files/Image_20/12/a804b8a6065507261bedf92c267dc12d8e2e0f9e.jpeg,wildreceipt,train,1200,1600,53,True
wildreceipt/train/image_files/Image_46/18/4437.jpeg,wildreceipt,train,900,1600,66,True
wildreceipt/train/image_files/Image_67/4/742bb67842ff8304514f998abb64a57ab70cb977.jpeg,wildreceipt,validation,360,755,44,True
wildreceipt/train/image_files/Image_49/19/0954f919e419dfe822bce47c2de9e20302471fd0.jpeg,wildreceipt,train,338,450,40,True
wildreceipt/train/image_files/Image_31/14/e1e433cb0248593a224537d0be401c7d4734fef1.jpeg,wildreceipt,train,327,689,53,True
wildreceipt/train/image_files/Image_30/14/7acefe51434a0b7e26069d380aeb63a20e2c2349.jpeg,wildreceipt,train,350,768,73,True
wildreceipt/train/image_files/Image_1/0/2242.jpeg,wildreceipt,train,348,348,36,True
wildreceipt/train/image_files/Image_35/15/ac973eaf54490cdcfd651ca74e8e643a488abf48.jpeg,wildreceipt,train,1696,2616,56,True
wildreceipt/train/image_files/Image_36/15/f361da1ccf63061c4e178440555cb918179304ad.jpeg,wildreceipt,validation,528,960,60,True
wildreceipt/train/image_files/Image_88/9/2ba1dad1156734e73e4a9bc0074a089c934b744d.jpeg,wildreceipt,train,348,348,29,True
wildreceipt/train/image_files/Image_88/9/0aedf67c470bb3443146b99479b21a0498be5605.jpeg,wildreceipt,train,640,700,23,True
wildreceipt/train/image_files/Image_89/9/640e7736c9635e0aeabffd96d388e80a4b080540.jpeg,wildreceipt,validation,3024,4032,33,True
wildreceipt/train/image_files/Image_4/0/ead5dfae77c4434af40b7a109955a04b0f3fb60b.jpeg,wildreceipt,train,800,1067,33,True
wildreceipt/train/image_files/Image_10/10/283d5a3b89ad0a9e1da20bcc2631475005a8a9e5.jpeg,wildreceipt,train,750,1000,48,True
wildreceipt/train/image_files/Image_22/13/22f8715c2abe8e87ef052f5408ca1bf5d1e724c7.jpeg,wildreceipt,train,450,600,35,True
wildreceipt/train/image_files/Image_23/13/5ceff02beae53a085e18842334f3d762b5cc5b9b.jpeg,wildreceipt,train,480,639,61,True
wildreceipt/train/image_files/Image_21/12/d06b2e3863baebc2ea24d06ddc071d8020d3fa1a.jpeg,wildreceipt,train,720,1280,65,True
wildreceipt/train/image_files/Image_17/11/e24b9ca0e0505ca31afe01769bd2046ced830e76.jpeg,wildreceipt,train,338,450,51,True
wildreceipt/train/image_files/Image_20/12/b250ffe2754a3e9dff0c7ee5efe3ca6b80fcab89.jpeg,wildreceipt,train,338,450,34,True
wildreceipt/train/image_files/Image_54/2/41b33d3168e84297528b898637d820ba8743a1c4.jpeg,wildreceipt,validation,549,593,40,True
wildreceipt/train/image_files/Image_83/8/263aa47341c0ec6eec8e6872aa93bb35acb0b7ed.jpeg,wildreceipt,train,321,450,39,True
wildreceipt/train/image_files/Image_5/1/147.jpeg,wildreceipt,train,800,600,30,True
wildreceipt/train/image_files/Image_34/15/5e2db7e2c776495df5b5ca6dcb90067f4e58805e.jpeg,wildreceipt,train,253,450,53,True
wildreceipt/train/image_files/Image_41/16/f2c4235d4b3f49e1d8e2692feff0501bb001ff9e.jpeg,wildreceipt,validation,375,500,35,True
wildreceipt/train/image_files/Image_91/9/feb53dd821dfcc119336c90bc633eaeb17085d2c.jpeg,wildreceipt,train,338,450,33,True
wildreceipt/train/image_files/Image_49/19/224bb220c222969a53b9db9d0360c8d567a9b85a.jpeg,wildreceipt,validation,417,551,38,True
wildreceipt/train/image_files/Image_66/4/65700e5df653464eb753fed97f3de2b2b2c52714.jpeg,wildreceipt,train,253,450,31,True
wildreceipt/train/image_files/Image_58/20/4d12fe2851c6668ef10393f6554490988c979b0e.jpeg,wildreceipt,train,348,348,38,True
wildreceipt/train/image_files/Image_61/3/0371d6c321ffc13d30483b4e4bf174e6545324e0.jpeg,wildreceipt,train,447,853,35,True
wildreceipt/train/image_files/Image_47/18/497.jpeg,wildreceipt,train,348,348,30,True
wildreceipt/train/image_files/Image_29/14/64ce19c6efa7e46e7e3a709636637a4c2e9d2af3.jpeg,wildreceipt,train,338,450,59,True
wildreceipt/train/image_files/Image_7/1/38dd978f311a6b6e373563bbc0559628af13aa7b.jpeg,wildreceipt,train,453,604,47,True
wildreceipt/train/image_files/Image_42/17/2443.jpeg,wildreceipt,train,348,348,38,True
wildreceipt/train/image_files/Image_56/2/ee02c9e40dcd5f6c091546fd62851edd50d9f312.jpeg,wildreceipt,validation,747,1000,73,True
wildreceipt/train/image_files/Image_29/14/6f8c97f12fdfd235b82b5dff1279111b533265b0.jpeg,wildreceipt,train,254,450,47,True
wildreceipt/train/image_files/Image_82/7/d8db99581ceb1b912d85d3689790ef8321962e55.jpeg,wildreceipt,train,348,348,21,True
wildreceipt/train/image_files/Image_41/16/e8f4f9913709b91ea79f8e444fed6c0a8b76ff23.jpeg,wildreceipt,train,338,450,33,True
wildreceipt/train/image_files/Image_54/2/384f8b39697e501e3f26b532a45a95a205f23d2b.jpeg,wildreceipt,train,2448,3264,26,True
wildreceipt/train/image_files/Image_87/8/ce42d91aedd96b6a6c67b0b59784e66d49ce7298.jpeg,wildreceipt,train,348,348,53,True
wildreceipt/train/image_files/Image_52/19/a18947a5a67a3f12f1425a6de9765b309504129d.jpeg,wildreceipt,train,550,386,30,True
wildreceipt/train/image_files/Image_21/12/e36d4b1e04642791d17ac03a431aa08413e0e5e8.jpeg,wildreceipt,train,1200,1600,51,True
wildreceipt/train/image_files/Image_20/12/b59c0a9f72767378f46e8febd43e78645ce0b2f5.jpeg,wildreceipt,train,1067,1600,44,True
wildreceipt/train/image_files/Image_60/20/f062767709a19afa6089621ca1b3ec02c0020e0d.jpeg,wildreceipt,validation,866,1390,81,True
wildreceipt/train/image_files/Image_46/18/337.jpeg,wildreceipt,validation,348,348,39,True
wildreceipt/train/image_files/Image_10/10/01762ed851af687e01403cfd1b2da379acb3925f.jpeg,wildreceipt,validation,768,1024,34,True
wildreceipt/train/image_files/Image_88/9/018dd59c065d022d284e1c02fd6a5393b3c2177d.jpeg,wildreceipt,train,338,450,28,True
wildreceipt/train/image_files/Image_79/7/376f00c6e6f3d2744758efc3295d6d767107a2bd.jpeg,wildreceipt,train,270,450,37,True
wildreceipt/train/image_files/Image_5/1/1140.jpeg,wildreceipt,train,814,1000,33,True
wildreceipt/train/image_files/Image_69/5/1979.jpeg,wildreceipt,train,2448,3264,46,True
wildreceipt/train/image_files/Image_65/4/2ca2f3e04a6b6c9145055c1832932d934b09a194.jpeg,wildreceipt,train,338,450,42,True
wildreceipt/train/image_files/Image_43/17/8f54d8feebfb54cc5419986170664d96973e0a84.jpeg,wildreceipt,train,285,464,41,True
wildreceipt/train/image_files/Image_89/9/4f411bf567d0b45588db1d85eb50b89e1e12b036.jpeg,wildreceipt,train,338,450,22,True
wildreceipt/train/image_files/Image_9/1/ef2bde8c65fc0b355e70a0dd36dd0765b6b50e0e.jpeg,wildreceipt,validation,640,967,34,True
wildreceipt/train/image_files/Image_45/17/edbca38b8af462d0ab7a755fb98c5a98f761ff11.jpeg,wildreceipt,train,253,450,51,True
wildreceipt/train/image_files/Image_35/15/b61cae359c4aae3eded4b72309ef016a5e9d920b.jpeg,wildreceipt,train,338,450,51,True
wildreceipt/train/image_files/Image_15/11/861ce68c12fbcd70dfddf286b0acd9164c4c02ec.jpeg,wildreceipt,train,253,450,56,True
wildreceipt/train/image_files/Image_77/6/cf43ca40a080ea0f438bfa26126653deb2207fad.jpeg,wildreceipt,validation,750,1000,57,True
wildreceipt/train/image_files/Image_73/5/d4e9feb2bfd430b46014cd58776b8f0df18fd064.jpeg,wildreceipt,train,448,800,114,True
wildreceipt/train/image_files/Image_85/8/54461025f04cec91ea4c7331286965ad578e05a6.jpeg,wildreceipt,train,1512,2016,41,True
wildreceipt/train/image_files/Image_79/7/3275.jpeg,wildreceipt,train,250,250,27,True
wildreceipt/train/image_files/Image_17/11/f29fd137fe36cded3306a66341b8a73bf5a8403b.jpeg,wildreceipt,train,454,450,36,True
wildreceipt/train/image_files/Image_17/12/0cc147c47ff9c950550a3870c9baeef511563cc3.jpeg,wildreceipt,train,338,450,25,True
wildreceipt/train/image_files/Image_81/7/940.jpeg,wildreceipt,train,337,450,38,True
wildreceipt/train/image_files/Image_70/5/4190.jpeg,wildreceipt,train,750,1000,42,True
wildreceipt/train/image_files/Image_43/17/9d2ff71edd56d96c0c10166d32ce5d0210616035.jpeg,wildreceipt,train,1224,1632,83,True
wildreceipt/train/image_files/Image_4/0/d4769cc2804e64ca21243d9b046737c23b7e1dab.jpeg,wildreceipt,train,348,348,61,True
wildreceipt/train/image_files/Image_31/14/ea4abb0d88bbb0b300e6186a9ddf6e4521bb3cef.jpeg,wildreceipt,train,337,450,55,True
wildreceipt/train/image_files/Image_29/14/62934d1a67e1eab1b210ee7482802fd9559bbcf9.jpeg,wildreceipt,train,250,250,38,True
wildreceipt/train/image_files/Image_38/16/4328.jpeg,wildreceipt,train,480,640,37,True
wildreceipt/train/image_files/Image_35/15/b5970c0e08a6b31b2c40c7ff99b106b40501f9d4.jpeg,wildreceipt,train,1199,1599,44,True
wildreceipt/train/image_files/Image_27/14/209.jpeg,wildreceipt,train,400,266,42,True
wildreceipt/train/image_files/Image_86/8/8de36450c1a130437c33445f21fcfb454c9b96d6.jpeg,wildreceipt,validation,338,450,53,True
wildreceipt/train/image_files/Image_54/2/30a91854193e5a36980264b632b62c855a33b7f2.jpeg,wildreceipt,validation,393,700,46,True
wildreceipt/train/image_files/Image_49/19/20de30bff37e86af0d9ef159bb510f16f5a2da8c.jpeg,wildreceipt,train,614,800,43,True
wildreceipt/train/image_files/Image_57/20/32c493bcc58d195585ad0a0faa00849f9f4ec6bd.jpeg,wildreceipt,train,528,960,64,True
wildreceipt/train/image_files/Image_66/4/6d1dbb1cd71551cf03ca387f804a9783f7eb771f.jpeg,wildreceipt,train,422,744,39,True
wildreceipt/train/image_files/Image_64/4/09e4b726fd6196227afb2d9bd6cbf0b81c809454.jpeg,wildreceipt,train,1200,1600,43,True
wildreceipt/train/image_files/Image_69/5/1c9dbacf8b62fd67ee065e1288a3a5a241a91d7b.jpeg,wildreceipt,train,348,348,28,True
wildreceipt/train/image_files/Image_22/13/0df0e9f3c59f717f8348a1026d7ce0231c4a16e8.jpeg,wildreceipt,train,480,640,24,True
wildreceipt/train/image_files/Image_46/18/3925c8adb2cf39858ddf23c647d037aa63828ad4.jpeg,wildreceipt,train,600,800,57,True
wildreceipt/train/image_files/Image_32/15/2602.jpeg,wildreceipt,train,306,554,60,True
wildreceipt/train/image_files/Image_45/17/f76d7607bea1f06f784f2d471ee06c31816f2994.jpeg,wildreceipt,validation,1080,1156,36,True
wildreceipt/train/image_files/Image_2/0/9cc58490175bb21fc159ce2115c68c18d7aab167.jpeg,wildreceipt,validation,250,250,38,True
wildreceipt/train/image_files/Image_46/18/233dfe64d61eef3f20ad24f6c7d9e01956c21191.jpeg,wildreceipt,train,338,450,61,True
wildreceipt/train/image_files/Image_70/5/233d260f793d45740aa5b3e4c41d2e372430d5e6.jpeg,wildreceipt,validation,480,640,29,True
wildreceipt/train/image_files/Image_83/8/097fb2a2f5e285c49798d773dd5f6a314a686a60.jpeg,wildreceipt,train,338,450,42,True
wildreceipt/train/image_files/Image_59/20/a8c9c41856b870605b64627d0b7aee1bdcf15a67.jpeg,wildreceipt,train,650,1000,40,True
wildreceipt/train/image_files/Image_63/3/ba1d48faa314350c6ff1f4f137b035e3f486d7c6.jpeg,wildreceipt,validation,348,348,56,True
wildreceipt/train/image_files/Image_7/1/52c27023d394c526e2470771a153e004dd5f9ca9.jpeg,wildreceipt,train,2448,3264,25,True
wildreceipt/train/image_files/Image_35/15/d3fa342a9ba6af957a44b7bbd2e55bff302402fa.jpeg,wildreceipt,train,3036,4048,26,True
wildreceipt/train/image_files/Image_88/9/07915ebef5b92e4a522431f52befec3744df2b03.jpeg,wildreceipt,train,2645,3013,49,True
wildreceipt/train/image_files/Image_10/10/0130bdce1349690edd9e61ce27f2a9c386a39965.jpeg,wildreceipt,train,262,480,36,True
wildreceipt/train/image_files/Image_21/12/e478fcd5cd7131e277c46f39d9c2954305b4103d.jpeg,wildreceipt,train,272,450,48,True
wildreceipt/train/image_files/Image_7/1/4de774646cffe1cfecdf78a749a889285ac6f155.jpeg,wildreceipt,train,338,450,58,True
wildreceipt/train/image_files/Image_18/12/2ea39a15f4d1e71b0b509dacc9358c56849e2343.jpeg,wildreceipt,train,450,450,42,True
wildreceipt/train/image_files/Image_68/5/03d9d3b469d2b97bde7fdf2199514ce4f0eb0763.jpeg,wildreceipt,train,550,413,49,True
wildreceipt/train/image_files/Image_90/9/98d0774c528421c23cd7922152bd3a7f9bdb92e0.jpeg,wildreceipt,train,338,450,45,True
wildreceipt/train/image_files/Image_19/12/6520aaca037115c99e6212fd416d5f1efe10bae3.jpeg,wildreceipt,train,860,1600,68,True
wildreceipt/train/image_files/Image_60/20/f19700c6346aa50c1c0bce945a1675977f2fa821.jpeg,wildreceipt,train,250,250,35,True
wildreceipt/train/image_files/Image_51/19/784501d79893616cd7ccdb81b82b7636286579a6.jpeg,wildreceipt,train,338,450,24,True
wildreceipt/train/image_files/Image_12/10/73b6df6d61bf59586a294972f1f05245a7d76afe.jpeg,wildreceipt,validation,634,980,41,True
wildreceipt/train/image_files/Image_42/17/16d252a777cc99f7d019f30b4124f9c9ec1e139f.jpeg,wildreceipt,validation,300,500,39,True
wildreceipt/train/image_files/Image_58/20/6aa1a16efcc7eb138bfee9ca90df704ef7498b54.jpeg,wildreceipt,train,562,1000,44,True
